customerID,risk_score,risk_band
CU-10000,0.24278331893663327,Stable
CU-10001,0.0076116442706243735,Stable
CU-10002,0.06434991049307912,Stable
CU-10003,0.6742270162280138,At Risk
CU-10004,0.6339383059594046,At Risk
CU-10005,0.015425774614449274,Stable
CU-10006,0.16241615818200747,Stable
CU-10007,0.20182868291208728,Stable
CU-10008,0.3329775576091151,Watching
CU-10009,0.3131613878129405,Watching
CU-10010,0.5641211809546757,At Risk
CU-10011,0.044366499688602054,Stable
CU-10012,0.6085209651120779,At Risk
CU-10013,0.11657319509054463,Stable
CU-10014,0.06322381360529312,Stable
CU-10015,0.3467184237878023,Watching
CU-10016,0.5802235102300032,At Risk
CU-10017,0.4719029301561319,Watching
CU-10018,0.05101473907482792,Stable
CU-10019,0.01237870200129113,Stable
CU-10020,0.11995210382126814,Stable
CU-10021,0.6801770862924523,At Risk
CU-10022,0.13808623789198674,Stable
CU-10023,0.7437591730853006,At Risk
CU-10024,0.08321529366784369,Stable
CU-10025,0.08585585977496502,Stable
CU-10026,0.24442367890878638,Stable
CU-10027,0.46959811618012487,Watching
CU-10028,0.3345498266845281,Watching
CU-10029,0.1651607933406855,Stable
CU-10030,0.1755364449903708,Stable
CU-10031,0.6247307408361499,At Risk
CU-10032,0.5201316180900071,At Risk
CU-10033,0.20560728164163003,Stable
CU-10034,0.05993204498212737,Stable
CU-10035,0.19403073444977118,Stable
CU-10036,0.5141561116378439,At Risk
CU-10037,0.051466348543893946,Stable
CU-10038,0.5861747242637341,At Risk
CU-10039,0.09457647874702184,Stable
CU-10040,0.5457316021178908,At Risk
CU-10041,0.4462088757152794,Watching
CU-10042,0.2878805539298713,Watching
CU-10043,0.045429986850350774,Stable
CU-10044,0.038495485948993026,Stable
CU-10045,0.728034451852686,At Risk
CU-10046,0.6592189758229111,At Risk
CU-10047,0.176576857270406,Stable
CU-10048,0.16059013377699322,Stable
CU-10049,0.31016122769017856,Watching
CU-10050,0.017035828697164076,Stable
CU-10051,0.43469127765402477,Watching
CU-10052,0.10726448317431302,Stable
CU-10053,0.09590731388022164,Stable
CU-10054,0.1258281799743792,Stable
CU-10055,0.3105759355716685,Watching
CU-10056,0.012330744601264338,Stable
CU-10057,0.6326897057826675,At Risk
CU-10058,0.4629623085323686,Watching
CU-10059,0.020917243232559432,Stable
CU-10060,0.5590043926930018,At Risk
CU-10061,0.033246022264581135,Stable
CU-10062,0.2804506928707992,Watching
CU-10063,0.17071342131062195,Stable
CU-10064,0.14735863430113041,Stable
CU-10065,0.10245995359452359,Stable
CU-10066,0.11066783596395123,Stable
CU-10067,0.6604655124013203,At Risk
CU-10068,0.5881836867456978,At Risk
CU-10069,0.33336537493751306,Watching
CU-10070,0.11868278922267513,Stable
CU-10071,0.0466829660257053,Stable
CU-10072,0.15660853337724748,Stable
CU-10073,0.5721381849253337,At Risk
CU-10074,0.5705392402642356,At Risk
CU-10075,0.14599069991798388,Stable
CU-10076,0.2748973572982216,Watching
CU-10077,0.39908478240485296,Watching
CU-10078,0.2253619065651983,Stable
CU-10079,0.5291358008065026,At Risk
CU-10080,0.3624640940909407,Watching
CU-10081,0.3166280076820816,Watching
CU-10082,0.14469288652195578,Stable
CU-10083,0.24266693772404233,Stable
CU-10084,0.6481802777786986,At Risk
CU-10085,0.09187203673509613,Stable
CU-10086,0.55087024361493,At Risk
CU-10087,0.24069746475254764,Stable
CU-10088,0.5794870973578228,At Risk
CU-10089,0.030295823881657694,Stable
CU-10090,0.3535032749942555,Watching
CU-10091,0.7078784812995309,At Risk
CU-10092,0.4539596751265107,Watching
CU-10093,0.28245825574039807,Watching
CU-10094,0.31358777413501526,Watching
CU-10095,0.691647678916017,At Risk
CU-10096,0.15920016123948935,Stable
CU-10097,0.27661729547839,Watching
CU-10098,0.04183594139414232,Stable
CU-10099,0.049221152230348245,Stable
CU-10100,0.48467174121848905,Watching
CU-10101,0.6782452120329276,At Risk
CU-10102,0.07266074175647678,Stable
CU-10103,0.02790721216993159,Stable
CU-10104,0.37445915199257684,Watching
CU-10105,0.07795723203660901,Stable
CU-10106,0.37765851121314703,Watching
CU-10107,0.31574435196957473,Watching
CU-10108,0.34777814991271083,Watching
CU-10109,0.12327446666313373,Stable
CU-10110,0.24395058761848756,Stable
CU-10111,0.7650844190549481,Urgent
CU-10112,0.25249780800580107,Watching
CU-10113,0.45582662620403247,Watching
CU-10114,0.05522668054405436,Stable
CU-10115,0.03501608750094353,Stable
CU-10116,0.7090277393043946,At Risk
CU-10117,0.3267670383974923,Watching
CU-10118,0.25676846535761877,Watching
CU-10119,0.3654132684491035,Watching
CU-10120,0.051167558764476435,Stable
CU-10121,0.14796598488585258,Stable
CU-10122,0.0794103663328824,Stable
CU-10123,0.48775789901558997,Watching
CU-10124,0.4786975128341151,Watching
CU-10125,0.38010136005542583,Watching
CU-10126,0.7010130895412066,At Risk
CU-10127,0.027108934965483805,Stable
CU-10128,0.45769989863026056,Watching
CU-10129,0.6777319114043301,At Risk
CU-10130,0.2216541117596885,Stable
CU-10131,0.5728488212667715,At Risk
CU-10132,0.8076371230291473,Urgent
CU-10133,0.14205842248413533,Stable
CU-10134,0.34710647686314305,Watching
CU-10135,0.41163337744365724,Watching
CU-10136,0.1741859514366446,Stable
CU-10137,0.6988166686959815,At Risk
CU-10138,0.262605054974674,Watching
CU-10139,0.10816331349379159,Stable
CU-10140,0.4290703600485011,Watching
CU-10141,0.4504769604736162,Watching
CU-10142,0.019523687623542674,Stable
CU-10143,0.29890466262004073,Watching
CU-10144,0.23909502013790832,Stable
CU-10145,0.13357697583739767,Stable
CU-10146,0.3330122982818815,Watching
CU-10147,0.10003552283996774,Stable
CU-10148,0.19205116230724775,Stable
CU-10149,0.614554345653748,At Risk
CU-10150,0.15247556309571175,Stable
CU-10151,0.5273174062334846,At Risk
CU-10152,0.27184434124101015,Watching
CU-10153,0.7628883374190681,Urgent
CU-10154,0.11031029623244912,Stable
CU-10155,0.1737887237895482,Stable
CU-10156,0.7460864417963541,At Risk
CU-10157,0.19726090508360364,Stable
CU-10158,0.0902077622988724,Stable
CU-10159,0.04432456921941666,Stable
CU-10160,0.0843566263736394,Stable
CU-10161,0.03847744201856831,Stable
CU-10162,0.38691041447215035,Watching
CU-10163,0.15254842727043086,Stable
CU-10164,0.14185840277326467,Stable
CU-10165,0.21873178830571052,Stable
CU-10166,0.14771214420858633,Stable
CU-10167,0.2971905012643799,Watching
CU-10168,0.007683337764924265,Stable
CU-10169,0.1588139990571938,Stable
CU-10170,0.03415152329638352,Stable
CU-10171,0.1500495688436931,Stable
CU-10172,0.24865518311490906,Stable
CU-10173,0.2249508357063476,Stable
CU-10174,0.6188894875500212,At Risk
CU-10175,0.02794087411212959,Stable
CU-10176,0.0375925483991839,Stable
CU-10177,0.2672017847011117,Watching
CU-10178,0.27311882083397127,Watching
CU-10179,0.21144299280519885,Stable
CU-10180,0.5605107455008236,At Risk
CU-10181,0.11810368092622969,Stable
CU-10182,0.23336314350267784,Stable
CU-10183,0.073704635799013,Stable
CU-10184,0.2588731724002794,Watching
CU-10185,0.007430678791598944,Stable
CU-10186,0.7403667882356411,At Risk
CU-10187,0.2053057763549341,Stable
CU-10188,0.2530177247357337,Watching
CU-10189,0.5802835113445138,At Risk
CU-10190,0.0417147884022041,Stable
CU-10191,0.1370552730753879,Stable
CU-10192,0.136508338136939,Stable
CU-10193,0.05834846361001693,Stable
CU-10194,0.16595419500037928,Stable
CU-10195,0.09581295586270533,Stable
CU-10196,0.11693912096764927,Stable
CU-10197,0.09351677621274877,Stable
CU-10198,0.5056888508105374,At Risk
CU-10199,0.5603001847820029,At Risk
CU-10200,0.11850391700084946,Stable
CU-10201,0.1347532106381528,Stable
CU-10202,0.20087962628587014,Stable
CU-10203,0.2201763453307575,Stable
CU-10204,0.40962770751179967,Watching
CU-10205,0.04846813681719804,Stable
CU-10206,0.6969676828118648,At Risk
CU-10207,0.24360392789519072,Stable
CU-10208,0.306687439075836,Watching
CU-10209,0.048627648596065776,Stable
CU-10210,0.7127756208924849,At Risk
CU-10211,0.008704634803714537,Stable
CU-10212,0.010599850552469772,Stable
CU-10213,0.011006729723944914,Stable
CU-10214,0.5587259657583962,At Risk
CU-10215,0.7439872560115266,At Risk
CU-10216,0.018884532308013475,Stable
CU-10217,0.15988992187173123,Stable
CU-10218,0.07145809184247634,Stable
CU-10219,0.2807286272601123,Watching
CU-10220,0.2058323603855374,Stable
CU-10221,0.43050430111985505,Watching
CU-10222,0.05318103339028517,Stable
CU-10223,0.2026240689353581,Stable
CU-10224,0.02564935215607103,Stable
CU-10225,0.22516592899979954,Stable
CU-10226,0.05080160879813879,Stable
CU-10227,0.11143788727623966,Stable
CU-10228,0.7128528031593342,At Risk
CU-10229,0.12762350884020296,Stable
CU-10230,0.5902761113189878,At Risk
CU-10231,0.07665257395014023,Stable
CU-10232,0.4057312265495769,Watching
CU-10233,0.37704388888738144,Watching
CU-10234,0.12487547427533215,Stable
CU-10235,0.20534401422092016,Stable
CU-10236,0.699541524059851,At Risk
CU-10237,0.6986605988444495,At Risk
CU-10238,0.038171350014475455,Stable
CU-10239,0.013297240271832383,Stable
CU-10240,0.05928320416647133,Stable
CU-10241,0.7132243174146272,At Risk
CU-10242,0.055657497443366524,Stable
CU-10243,0.06211948310457644,Stable
CU-10244,0.04552082380890214,Stable
CU-10245,0.09613302705790824,Stable
CU-10246,0.258813040323046,Watching
CU-10247,0.45048179307592284,Watching
CU-10248,0.07223235360394561,Stable
CU-10249,0.6800501408801125,At Risk
CU-10250,0.06727078721404943,Stable
CU-10251,0.030955156806357974,Stable
CU-10252,0.16807184007980783,Stable
CU-10253,0.30733760670857435,Watching
CU-10254,0.6716965954692067,At Risk
CU-10255,0.26117230503127586,Watching
CU-10256,0.27062412853151413,Watching
CU-10257,0.021873133273173452,Stable
CU-10258,0.5818832277560921,At Risk
CU-10259,0.14024026706481774,Stable
CU-10260,0.07983705492126517,Stable
CU-10261,0.01742583918813427,Stable
CU-10262,0.4567223912401806,Watching
CU-10263,0.03488350496648635,Stable
CU-10264,0.20025431500765753,Stable
CU-10265,0.6190355187327503,At Risk
CU-10266,0.2493133438931551,Stable
CU-10267,0.7694191341553782,Urgent
CU-10268,0.1462088857211875,Stable
CU-10269,0.11444775705890256,Stable
CU-10270,0.32273243050186196,Watching
CU-10271,0.29929780153805585,Watching
CU-10272,0.2600691674029825,Watching
CU-10273,0.07347999427003636,Stable
CU-10274,0.15292343579948114,Stable
CU-10275,0.28650542038296983,Watching
CU-10276,0.02612479089166053,Stable
CU-10277,0.14124218363226693,Stable
CU-10278,0.3715635105250387,Watching
CU-10279,0.15107282162509852,Stable
CU-10280,0.7424384128732514,At Risk
CU-10281,0.02163222330603977,Stable
CU-10282,0.16969747617432515,Stable
CU-10283,0.007628244028399691,Stable
CU-10284,0.35277307393393864,Watching
CU-10285,0.02225468998877425,Stable
CU-10286,0.24888877740669957,Stable
CU-10287,0.16126290339270508,Stable
CU-10288,0.15477333619524583,Stable
CU-10289,0.15754734176018792,Stable
CU-10290,0.04614868251449802,Stable
CU-10291,0.1845416036246189,Stable
CU-10292,0.14069053570753812,Stable
CU-10293,0.03205479306296199,Stable
CU-10294,0.05913738987493579,Stable
CU-10295,0.5681873393848254,At Risk
CU-10296,0.24875781244063405,Stable
CU-10297,0.6016115157621844,At Risk
CU-10298,0.05083010081872011,Stable
CU-10299,0.028770221673691188,Stable
CU-10300,0.21295386788418072,Stable
CU-10301,0.1305001083516231,Stable
CU-10302,0.31762356158011373,Watching
CU-10303,0.7246716284063399,At Risk
CU-10304,0.29507083057478106,Watching
CU-10305,0.4466910113283447,Watching
CU-10306,0.21048623652848586,Stable
CU-10307,0.6990472753563408,At Risk
CU-10308,0.0849344151319351,Stable
CU-10309,0.11870906559528979,Stable
CU-10310,0.3313073976737762,Watching
CU-10311,0.05954644229132324,Stable
CU-10312,0.023879736717649775,Stable
CU-10313,0.13317767663115396,Stable
CU-10314,0.7604892137253096,Urgent
CU-10315,0.48917406725116747,Watching
CU-10316,0.517403121968061,At Risk
CU-10317,0.3089547232089495,Watching
CU-10318,0.08981239952284127,Stable
CU-10319,0.2380059527458168,Stable
CU-10320,0.293027982788974,Watching
CU-10321,0.23322651859573476,Stable
CU-10322,0.04637889508317815,Stable
CU-10323,0.6831829748459333,At Risk
CU-10324,0.7815393125707546,Urgent
CU-10325,0.08609792272344546,Stable
CU-10326,0.5834924080048873,At Risk
CU-10327,0.2843996418472954,Watching
CU-10328,0.08796132629392915,Stable
CU-10329,0.06151884388333667,Stable
CU-10330,0.2975405903042357,Watching
CU-10331,0.3034185599194004,Watching
CU-10332,0.0952922105251432,Stable
CU-10333,0.3448400300633112,Watching
CU-10334,0.3205384763053919,Watching
CU-10335,0.7246124917982659,At Risk
CU-10336,0.17652877296203912,Stable
CU-10337,0.4465463619258104,Watching
CU-10338,0.2706810388700997,Watching
CU-10339,0.19622560749946952,Stable
CU-10340,0.011634109141603026,Stable
CU-10341,0.07428331467179636,Stable
CU-10342,0.22368755012246308,Stable
CU-10343,0.506253484102943,At Risk
CU-10344,0.24802352167065678,Stable
CU-10345,0.04015701464696381,Stable
CU-10346,0.13404471102174445,Stable
CU-10347,0.41323818991870526,Watching
CU-10348,0.6966949829359005,At Risk
CU-10349,0.15083531261685945,Stable
CU-10350,0.03267607053167496,Stable
CU-10351,0.14284743237843445,Stable
CU-10352,0.12066394693013956,Stable
CU-10353,0.047162082984582125,Stable
CU-10354,0.15210014506658,Stable
CU-10355,0.18753569167292544,Stable
CU-10356,0.17165556003388993,Stable
CU-10357,0.07334710294773279,Stable
CU-10358,0.47682156047208346,Watching
CU-10359,0.0644220637304492,Stable
CU-10360,0.703439149562387,At Risk
CU-10361,0.19022025831696393,Stable
CU-10362,0.7269273627164012,At Risk
CU-10363,0.22032749320989553,Stable
CU-10364,0.5043963221223899,At Risk
CU-10365,0.17871717703553425,Stable
CU-10366,0.05323237248252467,Stable
CU-10367,0.26034517129477114,Watching
CU-10368,0.3319873018553082,Watching
CU-10369,0.30890157324096823,Watching
CU-10370,0.10539685306131404,Stable
CU-10371,0.221391148646516,Stable
CU-10372,0.058360818037818986,Stable
CU-10373,0.006090143615603643,Stable
CU-10374,0.33806392085617754,Watching
CU-10375,0.29713773608267596,Watching
CU-10376,0.3957622113232064,Watching
CU-10377,0.25775370979099593,Watching
CU-10378,0.3099644936866362,Watching
CU-10379,0.011537062431806848,Stable
CU-10380,0.3295081413003163,Watching
CU-10381,0.3651291636602656,Watching
CU-10382,0.007475649722439438,Stable
CU-10383,0.35260930435689025,Watching
CU-10384,0.1778573379406966,Stable
CU-10385,0.318651425927293,Watching
CU-10386,0.05042680507267127,Stable
CU-10387,0.05029051190849824,Stable
CU-10388,0.3408427039658135,Watching
CU-10389,0.04545977556048139,Stable
CU-10390,0.06546420100489883,Stable
CU-10391,0.5352125133851072,At Risk
CU-10392,0.2871137618444323,Watching
CU-10393,0.37501595861096754,Watching
CU-10394,0.09056354351163148,Stable
CU-10395,0.2438768512764221,Stable
CU-10396,0.19518074913258573,Stable
CU-10397,0.507156940947786,At Risk
CU-10398,0.5770817008675256,At Risk
CU-10399,0.47645217918969174,Watching
CU-10400,0.03715254366497375,Stable
CU-10401,0.0580376232843617,Stable
CU-10402,0.00699304172744928,Stable
CU-10403,0.2543448911399194,Watching
CU-10404,0.5328321954333692,At Risk
CU-10405,0.24504740375606004,Stable
CU-10406,0.4634332137517959,Watching
CU-10407,0.3277608894913161,Watching
CU-10408,0.014284946752640908,Stable
CU-10409,0.33739138471791896,Watching
CU-10410,0.247842709332759,Stable
CU-10411,0.1293702136302833,Stable
CU-10412,0.24888884968433345,Stable
CU-10413,0.6438317580599856,At Risk
CU-10414,0.16784147594490229,Stable
CU-10415,0.20418084402999273,Stable
CU-10416,0.17401083627460123,Stable
CU-10417,0.25738942316229313,Watching
CU-10418,0.10018523854162333,Stable
CU-10419,0.06970476549745301,Stable
CU-10420,0.4088266291604711,Watching
CU-10421,0.18158572429982148,Stable
CU-10422,0.3457350663443324,Watching
CU-10423,0.02826707803726245,Stable
CU-10424,0.04005100441658821,Stable
CU-10425,0.17054266318176264,Stable
CU-10426,0.5993497278255799,At Risk
CU-10427,0.6712556817290616,At Risk
CU-10428,0.13119436865994033,Stable
CU-10429,0.1209524452241547,Stable
CU-10430,0.12479726074467937,Stable
CU-10431,0.17234876891841425,Stable
CU-10432,0.1003033259465186,Stable
CU-10433,0.10385258536922962,Stable
CU-10434,0.039865975918155216,Stable
CU-10435,0.6246962601713176,At Risk
CU-10436,0.07647102193763942,Stable
CU-10437,0.32760596406978126,Watching
CU-10438,0.19095302365757413,Stable
CU-10439,0.08766510298402054,Stable
CU-10440,0.10087009574127517,Stable
CU-10441,0.13628971448703317,Stable
CU-10442,0.046783114167113365,Stable
CU-10443,0.44005861696690934,Watching
CU-10444,0.22197052003439072,Stable
CU-10445,0.5764383363086274,At Risk
CU-10446,0.3666181722194025,Watching
CU-10447,0.10434344652198252,Stable
CU-10448,0.601102303228311,At Risk
CU-10449,0.7603143284368502,Urgent
CU-10450,0.33016528737085876,Watching
CU-10451,0.75275451701947,Urgent
CU-10452,0.5595849077951458,At Risk
CU-10453,0.53599346182762,At Risk
CU-10454,0.6950256153767026,At Risk
CU-10455,0.6520974409069832,At Risk
CU-10456,0.5427044579762087,At Risk
CU-10457,0.13333507595281216,Stable
CU-10458,0.09948524694509464,Stable
CU-10459,0.66068014338294,At Risk
CU-10460,0.5791134288055224,At Risk
CU-10461,0.6145777394005624,At Risk
CU-10462,0.03885063133093866,Stable
CU-10463,0.24297379054822799,Stable
CU-10464,0.5584864282438905,At Risk
CU-10465,0.10034369468904092,Stable
CU-10466,0.30279967368803395,Watching
CU-10467,0.1085821093624839,Stable
CU-10468,0.03910482491288047,Stable
CU-10469,0.2831072458426188,Watching
CU-10470,0.048310770702233385,Stable
CU-10471,0.08868418606398346,Stable
CU-10472,0.45868932757743175,Watching
CU-10473,0.01570411928378651,Stable
CU-10474,0.5000552456376095,At Risk
CU-10475,0.2762423030364152,Watching
CU-10476,0.06016039620113391,Stable
CU-10477,0.4848026625384466,Watching
CU-10478,0.1477354511132077,Stable
CU-10479,0.5727604690798097,At Risk
CU-10480,0.09897208722707532,Stable
CU-10481,0.1813610139714186,Stable
CU-10482,0.5340706271241226,At Risk
CU-10483,0.33666310550896883,Watching
CU-10484,0.12943545956339567,Stable
CU-10485,0.03403177346547765,Stable
CU-10486,0.18415354798277506,Stable
CU-10487,0.0932291723376858,Stable
CU-10488,0.08621008171832932,Stable
CU-10489,0.25460754498346805,Watching
CU-10490,0.2659712127474088,Watching
CU-10491,0.06428360115443033,Stable
CU-10492,0.03639713093969097,Stable
CU-10493,0.3080044577188538,Watching
CU-10494,0.4240492811377941,Watching
CU-10495,0.05613804171594574,Stable
CU-10496,0.15658535178415858,Stable
CU-10497,0.08726149485251958,Stable
CU-10498,0.09810516214539675,Stable
CU-10499,0.6374809054746341,At Risk
CU-10500,0.21237173200624718,Stable
CU-10501,0.12309201079136078,Stable
CU-10502,0.028809750197871332,Stable
CU-10503,0.6017624582504046,At Risk
CU-10504,0.010058346089280088,Stable
CU-10505,0.04468243873762564,Stable
CU-10506,0.025206390403357405,Stable
CU-10507,0.03373759232631299,Stable
CU-10508,0.16607713054336684,Stable
CU-10509,0.14715636251307215,Stable
CU-10510,0.11324818795528467,Stable
CU-10511,0.40233700539362893,Watching
CU-10512,0.5647498264277991,At Risk
CU-10513,0.06666288035667561,Stable
CU-10514,0.6584119950465626,At Risk
CU-10515,0.18215768665187468,Stable
CU-10516,0.6825158496175914,At Risk
CU-10517,0.28196784907692335,Watching
CU-10518,0.5686655416907525,At Risk
CU-10519,0.5387982212887062,At Risk
CU-10520,0.365732111514833,Watching
CU-10521,0.33091463363257295,Watching
CU-10522,0.10636818132736471,Stable
CU-10523,0.1512859699558322,Stable
CU-10524,0.16917712210404734,Stable
CU-10525,0.5744407488132592,At Risk
CU-10526,0.04912511751802237,Stable
CU-10527,0.08873322638098825,Stable
CU-10528,0.6424030371342013,At Risk
CU-10529,0.05071621323787227,Stable
CU-10530,0.08222759017675559,Stable
CU-10531,0.10220413335639346,Stable
CU-10532,0.2482605903454479,Stable
CU-10533,0.4466978584696895,Watching
CU-10534,0.03400468400678464,Stable
CU-10535,0.49691484870495,Watching
CU-10536,0.11410686319927432,Stable
CU-10537,0.4734186438803383,Watching
CU-10538,0.13861148565911596,Stable
CU-10539,0.2457682775942704,Stable
CU-10540,0.3044173608146183,Watching
CU-10541,0.12289368061993222,Stable
CU-10542,0.4095861733218576,Watching
CU-10543,0.3122569509110116,Watching
CU-10544,0.20720940370724553,Stable
CU-10545,0.6471751614520243,At Risk
CU-10546,0.27572450779135077,Watching
CU-10547,0.2825962767658541,Watching
CU-10548,0.16050775719030155,Stable
CU-10549,0.03399691011133712,Stable
CU-10550,0.09660654586149406,Stable
CU-10551,0.047508278994878195,Stable
CU-10552,0.11986153293716237,Stable
CU-10553,0.23727333567966039,Stable
CU-10554,0.12960499182986304,Stable
CU-10555,0.19137232658495726,Stable
CU-10556,0.03263479378519054,Stable
CU-10557,0.06185335061521089,Stable
CU-10558,0.2573507434369041,Watching
CU-10559,0.43666145010286966,Watching
CU-10560,0.4714785579962399,Watching
CU-10561,0.5595823049098965,At Risk
CU-10562,0.3637540585213468,Watching
CU-10563,0.12822719788802447,Stable
CU-10564,0.08885123060818603,Stable
CU-10565,0.0017488300510166963,Stable
CU-10566,0.2259956493626887,Stable
CU-10567,0.07664251778679419,Stable
CU-10568,0.009977905070004917,Stable
CU-10569,0.2900235944161784,Watching
CU-10570,0.31838082764839826,Watching
CU-10571,0.36362979732892936,Watching
CU-10572,0.3243405669882254,Watching
CU-10573,0.26886203824026933,Watching
CU-10574,0.24157490598709408,Stable
CU-10575,0.655718648726899,At Risk
CU-10576,0.10399052953396071,Stable
CU-10577,0.07958113244317802,Stable
CU-10578,0.17752039751931592,Stable
CU-10579,0.034520440415520236,Stable
CU-10580,0.15218322022602737,Stable
CU-10581,0.7391197677981881,At Risk
CU-10582,0.3228009637908898,Watching
CU-10583,0.4240861865682153,Watching
CU-10584,0.5703203012533595,At Risk
CU-10585,0.32670224578944285,Watching
CU-10586,0.18872830968169038,Stable
CU-10587,0.005842116854473061,Stable
CU-10588,0.21899352357515814,Stable
CU-10589,0.23204269338610128,Stable
CU-10590,0.007165167416291854,Stable
CU-10591,0.6171762073442667,At Risk
CU-10592,0.3007493956244941,Watching
CU-10593,0.1335708883712548,Stable
CU-10594,0.1453044237700752,Stable
CU-10595,0.21183747278894724,Stable
CU-10596,0.6376065072838532,At Risk
CU-10597,0.015212212374565177,Stable
CU-10598,0.10998893845931812,Stable
CU-10599,0.037017762376489176,Stable
CU-10600,0.14534480413307213,Stable
CU-10601,0.16509798452254237,Stable
CU-10602,0.1650722966340256,Stable
CU-10603,0.0036436308018011733,Stable
CU-10604,0.14029317894480323,Stable
CU-10605,0.7159858733375633,At Risk
CU-10606,0.09348227736994648,Stable
CU-10607,0.20324484736149848,Stable
CU-10608,0.03898256501361114,Stable
CU-10609,0.03477375538825703,Stable
CU-10610,0.09163222453933723,Stable
CU-10611,0.5418561848156969,At Risk
CU-10612,0.20090787943132127,Stable
CU-10613,0.09665907335557458,Stable
CU-10614,0.2888220767717288,Watching
CU-10615,0.6802255878450937,At Risk
CU-10616,0.6721417690264359,At Risk
CU-10617,0.627592055452917,At Risk
CU-10618,0.05975662551149629,Stable
CU-10619,0.1648041026044761,Stable
CU-10620,0.04654292160377144,Stable
CU-10621,0.127043733606187,Stable
CU-10622,0.007385282939398525,Stable
CU-10623,0.0292510266144659,Stable
CU-10624,0.6442273242871626,At Risk
CU-10625,0.08741196560942838,Stable
CU-10626,0.2087671363885934,Stable
CU-10627,0.6140096786218926,At Risk
CU-10628,0.4649970737156537,Watching
CU-10629,0.21151120892605144,Stable
CU-10630,0.5035841913142577,At Risk
CU-10631,0.11383188487322368,Stable
CU-10632,0.007295190860036816,Stable
CU-10633,0.16925863629437965,Stable
CU-10634,0.3892326640967499,Watching
CU-10635,0.4338762069470104,Watching
CU-10636,0.6169004058289174,At Risk
CU-10637,0.06490780979349217,Stable
CU-10638,0.09678433689606165,Stable
CU-10639,0.005286534427810574,Stable
CU-10640,0.32452219527509496,Watching
CU-10641,0.0704531082103447,Stable
CU-10642,0.18399102844932724,Stable
CU-10643,0.3515453679629323,Watching
CU-10644,0.00840337125207518,Stable
CU-10645,0.2918142781083773,Watching
CU-10646,0.13784779150152138,Stable
CU-10647,0.17673765349920004,Stable
CU-10648,0.3443599750681316,Watching
CU-10649,0.15436520002352225,Stable
CU-10650,0.1140373089600105,Stable
CU-10651,0.20522381389145625,Stable
CU-10652,0.08038943372593874,Stable
CU-10653,0.0329914464629662,Stable
CU-10654,0.06407560717277178,Stable
CU-10655,0.05389613027077823,Stable
CU-10656,0.17398784175156276,Stable
CU-10657,0.03728596472622611,Stable
CU-10658,0.24012065792755666,Stable
CU-10659,0.48507165873835606,Watching
CU-10660,0.12779084740654076,Stable
CU-10661,0.3531073239415563,Watching
CU-10662,0.2779046608383568,Watching
CU-10663,0.25875681606412054,Watching
CU-10664,0.29019386527199226,Watching
CU-10665,0.17967685852543291,Stable
CU-10666,0.42085329239136726,Watching
CU-10667,0.44491534861904264,Watching
CU-10668,0.08564211568488311,Stable
CU-10669,0.4493375636202061,Watching
CU-10670,0.36335926594434403,Watching
CU-10671,0.0245969475705081,Stable
CU-10672,0.30479588449167094,Watching
CU-10673,0.28286624952457745,Watching
CU-10674,0.30380095104036964,Watching
CU-10675,0.0873059888805852,Stable
CU-10676,0.1289164145508831,Stable
CU-10677,0.2291876764413621,Stable
CU-10678,0.26839995453057064,Watching
CU-10679,0.01485864352221468,Stable
CU-10680,0.6098823316034118,At Risk
CU-10681,0.6168348533704368,At Risk
CU-10682,0.051722242905020546,Stable
CU-10683,0.5881661140646852,At Risk
CU-10684,0.11814798826272882,Stable
CU-10685,0.4259378251151864,Watching
CU-10686,0.1250951934492854,Stable
CU-10687,0.2947397842959754,Watching
CU-10688,0.22057030403241196,Stable
CU-10689,0.2976818172869946,Watching
CU-10690,0.0709235697361771,Stable
CU-10691,0.0831373827422647,Stable
CU-10692,0.038214528023828166,Stable
CU-10693,0.07274002760038602,Stable
CU-10694,0.6327369432001204,At Risk
CU-10695,0.5763155747785228,At Risk
CU-10696,0.07597784320656237,Stable
CU-10697,0.12303084834891821,Stable
CU-10698,0.7793609398882821,Urgent
CU-10699,0.17180211305284065,Stable
CU-10700,0.13195565554806804,Stable
CU-10701,0.09231091741401741,Stable
CU-10702,0.21940307990511815,Stable
CU-10703,0.14765509665222243,Stable
CU-10704,0.0648561208474956,Stable
CU-10705,0.027564131785779034,Stable
CU-10706,0.1438848800008506,Stable
CU-10707,0.21571370651554275,Stable
CU-10708,0.6499719831174928,At Risk
CU-10709,0.6600911667721568,At Risk
CU-10710,0.11432029541506981,Stable
CU-10711,0.07769230537674449,Stable
CU-10712,0.04145455003802197,Stable
CU-10713,0.06829129557404028,Stable
CU-10714,0.05109217983232784,Stable
CU-10715,0.05392272542201872,Stable
CU-10716,0.02331037625839315,Stable
CU-10717,0.23661383372302514,Stable
CU-10718,0.4422730219514204,Watching
CU-10719,0.13728179105738886,Stable
CU-10720,0.3048847023921325,Watching
CU-10721,0.31738871515846956,Watching
CU-10722,0.5842415865812671,At Risk
CU-10723,0.6794622216651817,At Risk
CU-10724,0.43450486000220695,Watching
CU-10725,0.15083754959106302,Stable
CU-10726,0.28212093621982787,Watching
CU-10727,0.11293027276561919,Stable
CU-10728,0.11292526531866522,Stable
CU-10729,0.7763974805097439,Urgent
CU-10730,0.004308694319000688,Stable
CU-10731,0.14891825340719128,Stable
CU-10732,0.01355763784631013,Stable
CU-10733,0.03158621505053934,Stable
CU-10734,0.5626968173921163,At Risk
CU-10735,0.1330421110700254,Stable
CU-10736,0.09692668262728453,Stable
CU-10737,0.36361912481128356,Watching
CU-10738,0.22152716833499475,Stable
CU-10739,0.033356546667863134,Stable
CU-10740,0.38411653772002397,Watching
CU-10741,0.49825502864613525,Watching
CU-10742,0.7311404253750982,At Risk
CU-10743,0.42813541268074723,Watching
CU-10744,0.7342535004206998,At Risk
CU-10745,0.5689587981545784,At Risk
CU-10746,0.11696816458588234,Stable
CU-10747,0.08174456594240777,Stable
CU-10748,0.15409403315955328,Stable
CU-10749,0.3297831399234736,Watching
CU-10750,0.18478470920443,Stable
CU-10751,0.2998201878482277,Watching
CU-10752,0.12529333955080305,Stable
CU-10753,0.19548003269602388,Stable
CU-10754,0.036328726518939806,Stable
CU-10755,0.13299130103732762,Stable
CU-10756,0.14752310442248628,Stable
CU-10757,0.028243508676582693,Stable
CU-10758,0.17925067663658312,Stable
CU-10759,0.5743981711392825,At Risk
CU-10760,0.12515562867321953,Stable
CU-10761,0.2995607681095229,Watching
CU-10762,0.2632898005220272,Watching
CU-10763,0.07233632064117289,Stable
CU-10764,0.613471659206008,At Risk
CU-10765,0.5461928875356883,At Risk
CU-10766,0.02218143444292803,Stable
CU-10767,0.11525418944524021,Stable
CU-10768,0.7009668770335292,At Risk
CU-10769,0.5595479851184213,At Risk
CU-10770,0.2071651320172235,Stable
CU-10771,0.059468823841839547,Stable
CU-10772,0.7186928634537731,At Risk
CU-10773,0.7983107083860536,Urgent
CU-10774,0.09861860838204445,Stable
CU-10775,0.6086300182218866,At Risk
CU-10776,0.7942651671912205,Urgent
CU-10777,0.5948856498416873,At Risk
CU-10778,0.19203643719629626,Stable
CU-10779,0.2073758073381201,Stable
CU-10780,0.4871671913925115,Watching
CU-10781,0.3333794970333478,Watching
CU-10782,0.7007224660807974,At Risk
CU-10783,0.3414693915604442,Watching
CU-10784,0.536726778057331,At Risk
CU-10785,0.07074103935993667,Stable
CU-10786,0.06074009398076982,Stable
CU-10787,0.7270540693080434,At Risk
CU-10788,0.03516414088160898,Stable
CU-10789,0.027364917913328336,Stable
CU-10790,0.10331751402340775,Stable
CU-10791,0.23043461764665385,Stable
CU-10792,0.09870921928712338,Stable
CU-10793,0.04313205802854265,Stable
CU-10794,0.2844991746619867,Watching
CU-10795,0.4307696581451299,Watching
CU-10796,0.18907258358887488,Stable
CU-10797,0.05085436708657485,Stable
CU-10798,0.07632827164458586,Stable
CU-10799,0.4137322671301765,Watching
CU-10800,0.3512067365661313,Watching
CU-10801,0.6936662233685505,At Risk
CU-10802,0.15050639520400247,Stable
CU-10803,0.029611476783830974,Stable
CU-10804,0.17303106833297707,Stable
CU-10805,0.6895811007089889,At Risk
CU-10806,0.7323963934199257,At Risk
CU-10807,0.17283493364723435,Stable
CU-10808,0.21681693087754306,Stable
CU-10809,0.17624136902229334,Stable
CU-10810,0.18366155419470295,Stable
CU-10811,0.12595442757050254,Stable
CU-10812,0.7758532293445,Urgent
CU-10813,0.7075321484556585,At Risk
CU-10814,0.12169708593848207,Stable
CU-10815,0.062007331823256025,Stable
CU-10816,0.003180531984012457,Stable
CU-10817,0.302987434269509,Watching
CU-10818,0.43198031046830954,Watching
CU-10819,0.7157333336495636,At Risk
CU-10820,0.030824434931247674,Stable
CU-10821,0.4222902930047082,Watching
CU-10822,0.299440409318713,Watching
CU-10823,0.12872543242335305,Stable
CU-10824,0.7101765972051823,At Risk
CU-10825,0.051244436030043354,Stable
CU-10826,0.10855179243166158,Stable
CU-10827,0.17827633707820115,Stable
CU-10828,0.6134340779603448,At Risk
CU-10829,0.5856755167441499,At Risk
CU-10830,0.5870714911328853,At Risk
CU-10831,0.7555650076728352,Urgent
CU-10832,0.5280061455858189,At Risk
CU-10833,0.6605109717253187,At Risk
CU-10834,0.22550174771068188,Stable
CU-10835,0.33937735653468093,Watching
CU-10836,0.4097638119463337,Watching
CU-10837,0.10969416834862619,Stable
CU-10838,0.1717652175117324,Stable
CU-10839,0.11386448093461025,Stable
CU-10840,0.04220861069667269,Stable
CU-10841,0.7056887268376775,At Risk
CU-10842,0.2860958083684113,Watching
CU-10843,0.12706321886846583,Stable
CU-10844,0.07385283215471389,Stable
CU-10845,0.1633710538826926,Stable
CU-10846,0.4433375863244833,Watching
CU-10847,0.09281171390490746,Stable
CU-10848,0.331073855982695,Watching
CU-10849,0.1197167395759679,Stable
CU-10850,0.12805604167512893,Stable
CU-10851,0.29637990354906224,Watching
CU-10852,0.2342264866910143,Stable
CU-10853,0.7288686692107811,At Risk
CU-10854,0.6583990758778924,At Risk
CU-10855,0.3223424195726402,Watching
CU-10856,0.4551477681964781,Watching
CU-10857,0.12278442625611977,Stable
CU-10858,0.17118577948647645,Stable
CU-10859,0.09696542405507325,Stable
CU-10860,0.01036781471104003,Stable
CU-10861,0.1428552987950047,Stable
CU-10862,0.6159366904827176,At Risk
CU-10863,0.29038594935643836,Watching
CU-10864,0.24247845248597805,Stable
CU-10865,0.5930039303280477,At Risk
CU-10866,0.5928738723223637,At Risk
CU-10867,0.11446766739336109,Stable
CU-10868,0.06753347667981911,Stable
CU-10869,0.4317307209467243,Watching
CU-10870,0.6936107440897272,At Risk
CU-10871,0.02853864088730358,Stable
CU-10872,0.17904138911071726,Stable
CU-10873,0.5842896831698687,At Risk
CU-10874,0.01974733393718948,Stable
CU-10875,0.21244341933786592,Stable
CU-10876,0.12997740022897888,Stable
CU-10877,0.12904637138640931,Stable
CU-10878,0.7562584894039946,Urgent
CU-10879,0.12458175399800007,Stable
CU-10880,0.056904211451483375,Stable
CU-10881,0.5165040545101587,At Risk
CU-10882,0.06443477079995164,Stable
CU-10883,0.09372436344872721,Stable
CU-10884,0.23574344530908672,Stable
CU-10885,0.09222712947245457,Stable
CU-10886,0.6871474035419648,At Risk
CU-10887,0.272826509766316,Watching
CU-10888,0.6730545086097826,At Risk
CU-10889,0.05816813792003935,Stable
CU-10890,0.3299527244245038,Watching
CU-10891,0.3128152762276146,Watching
CU-10892,0.01811953420936472,Stable
CU-10893,0.25537279565679627,Watching
CU-10894,0.036578513875299694,Stable
CU-10895,0.4498785043715541,Watching
CU-10896,0.7537736958646398,Urgent
CU-10897,0.36948200402839343,Watching
CU-10898,0.47107037287511166,Watching
CU-10899,0.13264755919311702,Stable
CU-10900,0.689783511910848,At Risk
CU-10901,0.10964421139420877,Stable
CU-10902,0.17049633593094035,Stable
CU-10903,0.05028559609726826,Stable
CU-10904,0.31821010117992765,Watching
CU-10905,0.47565583370542575,Watching
CU-10906,0.6773796316276437,At Risk
CU-10907,0.4134422579160736,Watching
CU-10908,0.7054075661990831,At Risk
CU-10909,0.45190981785056955,Watching
CU-10910,0.30545298377206037,Watching
CU-10911,0.5181309508178082,At Risk
CU-10912,0.13220406165451856,Stable
CU-10913,0.07542527502012661,Stable
CU-10914,0.040466198894627076,Stable
CU-10915,0.11525382935459154,Stable
CU-10916,0.05480839167197171,Stable
CU-10917,0.07345699277584898,Stable
CU-10918,0.5846245652034686,At Risk
CU-10919,0.5263854831126529,At Risk
CU-10920,0.030483455738414697,Stable
CU-10921,0.008805531984012457,Stable
CU-10922,0.16029749254015743,Stable
CU-10923,0.031201091306226413,Stable
CU-10924,0.06908088648447301,Stable
CU-10925,0.4518975576551906,Watching
CU-10926,0.2778312596821997,Watching
CU-10927,0.1447527888075029,Stable
CU-10928,0.32785277576335825,Watching
CU-10929,0.0844415758936665,Stable
CU-10930,0.11205940402476781,Stable
CU-10931,0.6754743815866601,At Risk
CU-10932,0.19931550569809228,Stable
CU-10933,0.3290458419888753,Watching
CU-10934,0.3212989222081592,Watching
CU-10935,0.16792531528795546,Stable
CU-10936,0.12708708716535044,Stable
CU-10937,0.2798265088216093,Watching
CU-10938,0.7081279098322589,At Risk
CU-10939,0.4337754082308247,Watching
CU-10940,0.4029396970052304,Watching
CU-10941,0.10267244543277104,Stable
CU-10942,0.2866906473480946,Watching
CU-10943,0.5361253214615262,At Risk
CU-10944,0.046801378860051764,Stable
CU-10945,0.18958189362762273,Stable
CU-10946,0.11437384148781714,Stable
CU-10947,0.02769654958300708,Stable
CU-10948,0.15675790015228164,Stable
CU-10949,0.35175295955136504,Watching
CU-10950,0.744198364510543,At Risk
CU-10951,0.05902218614718615,Stable
CU-10952,0.19473127170779517,Stable
CU-10953,0.06974795485407317,Stable
CU-10954,0.6129585407407976,At Risk
CU-10955,0.01315949065128035,Stable
CU-10956,0.02745638493346875,Stable
CU-10957,0.11924442163770754,Stable
CU-10958,0.13958042298355042,Stable
CU-10959,0.3428294463832524,Watching
CU-10960,0.30136866255747247,Watching
CU-10961,0.05558266322187402,Stable
CU-10962,0.10563405392804398,Stable
CU-10963,0.7198741964026029,At Risk
CU-10964,0.009511520704357287,Stable
CU-10965,0.501449203113365,At Risk
CU-10966,0.17431327700578436,Stable
CU-10967,0.11847032975186911,Stable
CU-10968,0.2248376494005017,Stable
CU-10969,0.34582667556527563,Watching
CU-10970,0.12020026375934745,Stable
CU-10971,0.572426789916759,At Risk
CU-10972,0.13815172924141939,Stable
CU-10973,0.7021326874178633,At Risk
CU-10974,0.09158067589660746,Stable
CU-10975,0.755940237550631,Urgent
CU-10976,0.25146365866521675,Watching
CU-10977,0.570891249810483,At Risk
CU-10978,0.07110810799668836,Stable
CU-10979,0.16861331000700777,Stable
CU-10980,0.06088649673571522,Stable
CU-10981,0.28918150038719953,Watching
CU-10982,0.1868914574740134,Stable
CU-10983,0.34604776734142123,Watching
CU-10984,0.2931390301138296,Watching
CU-10985,0.7205512494158044,At Risk
CU-10986,0.04985674898264073,Stable
CU-10987,0.6391456785418906,At Risk
CU-10988,0.331349954912583,Watching
CU-10989,0.5601028691508664,At Risk
CU-10990,0.3329828756875364,Watching
CU-10991,0.2934612529374637,Watching
CU-10992,0.6555503407880621,At Risk
CU-10993,0.2688502680376648,Watching
CU-10994,0.03196112240710941,Stable
CU-10995,0.38515106664860566,Watching
CU-10996,0.726694468078444,At Risk
CU-10997,0.08467680330752586,Stable
CU-10998,0.12819892454808823,Stable
CU-10999,0.7104254821429444,At Risk
CU-11000,0.05364392151403454,Stable
CU-11001,0.3136146388235943,Watching
CU-11002,0.005885919763649866,Stable
CU-11003,0.10295734755839722,Stable
CU-11004,0.041377460082461515,Stable
CU-11005,0.09417532854724321,Stable
CU-11006,0.6634327457260679,At Risk
CU-11007,0.06768066262038343,Stable
CU-11008,0.752950867670078,Urgent
CU-11009,0.0638177563738802,Stable
CU-11010,0.2731377127969799,Watching
CU-11011,0.619008998984196,At Risk
CU-11012,0.537888113144882,At Risk
CU-11013,0.046949537284103206,Stable
CU-11014,0.11211833412644834,Stable
CU-11015,0.2674253852455938,Watching
CU-11016,0.006950300764938227,Stable
CU-11017,0.7111593579037951,At Risk
CU-11018,0.3021884834196058,Watching
CU-11019,0.12378936219561186,Stable
CU-11020,0.1217849816776381,Stable
CU-11021,0.6255124821252716,At Risk
CU-11022,0.6497197253969388,At Risk
CU-11023,0.1017418340351498,Stable
CU-11024,0.0828502140393574,Stable
CU-11025,0.2758141460490874,Watching
CU-11026,0.02395386089696328,Stable
CU-11027,0.2889826249818907,Watching
CU-11028,0.322037303213856,Watching
CU-11029,0.4119243042653276,Watching
CU-11030,0.17373629235414367,Stable
CU-11031,0.7081181856511871,At Risk
CU-11032,0.009570141699975195,Stable
CU-11033,0.031004359902917385,Stable
CU-11034,0.5532522290772406,At Risk
CU-11035,0.06777947133874386,Stable
CU-11036,0.3467687368646552,Watching
CU-11037,0.626101817301598,At Risk
CU-11038,0.1668609107969279,Stable
CU-11039,0.29060718534862695,Watching
CU-11040,0.0023521356965638773,Stable
CU-11041,0.595972433530266,At Risk
CU-11042,0.2716912233758462,Watching
CU-11043,0.6102258149601135,At Risk
CU-11044,0.2521391655917077,Watching
CU-11045,0.23099885643939444,Stable
CU-11046,0.5150583854911747,At Risk
CU-11047,0.29836740773397674,Watching
CU-11048,0.48479736771831333,Watching
CU-11049,0.3371611598653271,Watching
CU-11050,0.6287930324176676,At Risk
CU-11051,0.6950770814831729,At Risk
CU-11052,0.6199367196513352,At Risk
CU-11053,0.7003266200211885,At Risk
CU-11054,0.2823211433717709,Watching
CU-11055,0.4033534350912635,Watching
CU-11056,0.03862084603232993,Stable
CU-11057,0.43288265231391504,Watching
CU-11058,0.44309025175016886,Watching
CU-11059,0.012892162429968062,Stable
CU-11060,0.20803228371019317,Stable
CU-11061,0.16345001091161215,Stable
CU-11062,0.38753724824650426,Watching
CU-11063,0.17788265768124223,Stable
CU-11064,0.10379513440346617,Stable
CU-11065,0.442677649341571,Watching
CU-11066,0.5970210306267284,At Risk
CU-11067,0.6007028910244544,At Risk
CU-11068,0.27291415879088116,Watching
CU-11069,0.21701969435295113,Stable
CU-11070,0.053460350812320714,Stable
CU-11071,0.04454261238017956,Stable
CU-11072,0.08693906963778193,Stable
CU-11073,0.37416661207319485,Watching
CU-11074,0.3712767101610577,Watching
CU-11075,0.022314409297632298,Stable
CU-11076,0.14286288045159368,Stable
CU-11077,0.11877023040725479,Stable
CU-11078,0.6646110720457231,At Risk
CU-11079,0.07540632464776854,Stable
CU-11080,0.2019623761351195,Stable
CU-11081,0.22527886402113267,Stable
CU-11082,0.14422836487250382,Stable
CU-11083,0.16511853579406122,Stable
CU-11084,0.7277868078380136,At Risk
CU-11085,0.15786212110333164,Stable
CU-11086,0.030315663744204822,Stable
CU-11087,0.11188264405530168,Stable
CU-11088,0.06652890998816326,Stable
CU-11089,0.06232690370626651,Stable
CU-11090,0.047509555317496774,Stable
CU-11091,0.21562555720733548,Stable
CU-11092,0.16915696360102112,Stable
CU-11093,0.11150155729497678,Stable
CU-11094,0.07307552002311542,Stable
CU-11095,0.15950974211952607,Stable
CU-11096,0.3884107280083584,Watching
CU-11097,0.6321138821370392,At Risk
CU-11098,0.03932846214662469,Stable
CU-11099,0.11700799124585619,Stable
CU-11100,0.24823951312971612,Stable
CU-11101,0.026388409646617976,Stable
CU-11102,0.3289065577091836,Watching
CU-11103,0.008946192058848654,Stable
CU-11104,0.016255584615463253,Stable
CU-11105,0.14278046249138807,Stable
CU-11106,0.10293204936947634,Stable
CU-11107,0.31396693111541046,Watching
CU-11108,0.08426068769453267,Stable
CU-11109,0.411388959765059,Watching
CU-11110,0.21680774556767848,Stable
CU-11111,0.44606202922490423,Watching
CU-11112,0.17859360192317517,Stable
CU-11113,0.005781015013533611,Stable
CU-11114,0.1350988387822558,Stable
CU-11115,0.04609104625736453,Stable
CU-11116,0.044597204359213105,Stable
CU-11117,0.056372151765054675,Stable
CU-11118,0.5646172407813272,At Risk
CU-11119,0.4143174316590868,Watching
CU-11120,0.1758471022854243,Stable
CU-11121,0.3988429104231919,Watching
CU-11122,0.05488800355957843,Stable
CU-11123,0.4935524126010382,Watching
CU-11124,0.03509879519385203,Stable
CU-11125,0.42158786591241226,Watching
CU-11126,0.6604526315572942,At Risk
CU-11127,0.6125788220778383,At Risk
CU-11128,0.21245758229824882,Stable
CU-11129,0.16421873207522406,Stable
CU-11130,0.02346739917657076,Stable
CU-11131,0.12438711478095796,Stable
CU-11132,0.4232324076932336,Watching
CU-11133,0.6314140938180336,At Risk
CU-11134,0.17178104849589368,Stable
CU-11135,0.20450230391233873,Stable
CU-11136,0.5767687337672855,At Risk
CU-11137,0.021904043112122636,Stable
CU-11138,0.21818695620610712,Stable
CU-11139,0.4179728374428776,Watching
CU-11140,0.41251736334071587,Watching
CU-11141,0.03335058670860777,Stable
CU-11142,0.1687549311328464,Stable
CU-11143,0.04500537235561037,Stable
CU-11144,0.27983146807247705,Watching
CU-11145,0.5806495177781399,At Risk
CU-11146,0.11030893164689579,Stable
CU-11147,0.17995730296736057,Stable
CU-11148,0.4214751271084905,Watching
CU-11149,0.5533886938512312,At Risk
CU-11150,0.2710934410342714,Watching
CU-11151,0.682425772874344,At Risk
CU-11152,0.05327849920200811,Stable
CU-11153,0.03532090141253759,Stable
CU-11154,0.6498668765801863,At Risk
CU-11155,0.18044205871517985,Stable
CU-11156,0.44039170736857114,Watching
CU-11157,0.3673051359015965,Watching
CU-11158,0.7727878790986757,Urgent
CU-11159,0.11847831439101933,Stable
CU-11160,0.006717036427487118,Stable
CU-11161,0.13037873611482367,Stable
CU-11162,0.058639826547828185,Stable
CU-11163,0.28749694999684056,Watching
CU-11164,0.18962396769949016,Stable
CU-11165,0.3686974821768424,Watching
CU-11166,0.050737230162207124,Stable
CU-11167,0.7220676479626661,At Risk
CU-11168,0.627947952193423,At Risk
CU-11169,0.036143261583861816,Stable
CU-11170,0.1281876330948653,Stable
CU-11171,0.49886975244606135,Watching
CU-11172,0.18767528495659033,Stable
CU-11173,0.06753016147010638,Stable
CU-11174,0.4019322766672737,Watching
CU-11175,0.23984224256905226,Stable
CU-11176,0.17726125764574538,Stable
CU-11177,0.22556798424992525,Stable
CU-11178,0.10068418049349201,Stable
CU-11179,0.5990712737760097,At Risk
CU-11180,0.05932371323522794,Stable
CU-11181,0.12192312254428633,Stable
CU-11182,0.07477142533753746,Stable
CU-11183,0.10514536706466371,Stable
CU-11184,0.17513139690601037,Stable
CU-11185,0.2113879213693393,Stable
CU-11186,0.1599270821589372,Stable
CU-11187,0.7184702006351447,At Risk
CU-11188,0.48751297581271225,Watching
CU-11189,0.4909730751480098,Watching
CU-11190,0.07584340299214727,Stable
CU-11191,0.06701198836537584,Stable
CU-11192,0.08309608186878181,Stable
CU-11193,0.2984158013617251,Watching
CU-11194,0.09897548087804012,Stable
CU-11195,0.13286364733496497,Stable
CU-11196,0.08121624309130421,Stable
CU-11197,0.44868261019910705,Watching
CU-11198,0.6040069086926174,At Risk
CU-11199,0.6353251218081175,At Risk
CU-11200,0.1832659277065594,Stable
CU-11201,0.10175555018869632,Stable
CU-11202,0.1290384723849689,Stable
CU-11203,0.5463382955549371,At Risk
CU-11204,0.49419058844134583,Watching
CU-11205,0.6900997601605571,At Risk
CU-11206,0.00867041977876603,Stable
CU-11207,0.5717547864528869,At Risk
CU-11208,0.3188922059803161,Watching
CU-11209,0.16333729750662535,Stable
CU-11210,0.5303256125035817,At Risk
CU-11211,0.3216743550962791,Watching
CU-11212,0.10964131607385749,Stable
CU-11213,0.3636040149483074,Watching
CU-11214,0.6525300684592097,At Risk
CU-11215,0.37406892065053016,Watching
CU-11216,0.044283528209924185,Stable
CU-11217,0.10982161847526128,Stable
CU-11218,0.010422433278015392,Stable
CU-11219,0.7227017666818965,At Risk
CU-11220,0.06248169233027408,Stable
CU-11221,0.6213422831897927,At Risk
CU-11222,0.4346038855036752,Watching
CU-11223,0.018343247362121905,Stable
CU-11224,0.24024805319425369,Stable
CU-11225,0.5355664830110674,At Risk
CU-11226,0.26931755532422147,Watching
CU-11227,0.05639437388603752,Stable
CU-11228,0.2775037822324802,Watching
CU-11229,0.5562412189309286,At Risk
CU-11230,0.1333250031397436,Stable
CU-11231,0.39397020912127195,Watching
CU-11232,0.01507680741049074,Stable
CU-11233,0.01017220119994226,Stable
CU-11234,0.4868156099143701,Watching
CU-11235,0.40798982534471995,Watching
CU-11236,0.18178103688529454,Stable
CU-11237,0.6308581530167746,At Risk
CU-11238,0.11243312069521127,Stable
CU-11239,0.7687226726355009,Urgent
CU-11240,0.20428890256895219,Stable
CU-11241,0.689783776240595,At Risk
CU-11242,0.4055063021138001,Watching
CU-11243,0.3083503818894086,Watching
CU-11244,0.18301217907279962,Stable
CU-11245,0.1907081311899498,Stable
CU-11246,0.01378652116347776,Stable
CU-11247,0.6831727789568651,At Risk
CU-11248,0.10543084316434755,Stable
CU-11249,0.09634408698100634,Stable
CU-11250,0.623686359771593,At Risk
CU-11251,0.15679004314468578,Stable
CU-11252,0.35106153728752654,Watching
CU-11253,0.06321532489813066,Stable
CU-11254,0.036369731506778885,Stable
CU-11255,0.3502819064964497,Watching
CU-11256,0.7823747952693446,Urgent
CU-11257,0.05774555761736079,Stable
CU-11258,0.496192016384934,Watching
CU-11259,0.5964706734421609,At Risk
CU-11260,0.40803272568392585,Watching
CU-11261,0.19935924091406906,Stable
CU-11262,0.009049166899447196,Stable
CU-11263,0.19792616971508367,Stable
CU-11264,0.3538011367472734,Watching
CU-11265,0.23335279879101403,Stable
CU-11266,0.2439258635358737,Stable
CU-11267,0.04075817164842022,Stable
CU-11268,0.6435838075569771,At Risk
CU-11269,0.4358415140763532,Watching
CU-11270,0.12679114618153922,Stable
CU-11271,0.036573865405574,Stable
CU-11272,0.2499620453619042,Stable
CU-11273,0.1453451821505311,Stable
CU-11274,0.5546135722984649,At Risk
CU-11275,0.014153370050838061,Stable
CU-11276,0.7498263955493346,At Risk
CU-11277,0.7212444048857585,At Risk
CU-11278,0.059470268815012696,Stable
CU-11279,0.15267703040714167,Stable
CU-11280,0.1094142764243269,Stable
CU-11281,0.4187700641767526,Watching
CU-11282,0.0927014223338707,Stable
CU-11283,0.1259328754568794,Stable
CU-11284,0.6624408205500337,At Risk
CU-11285,0.3980457041320765,Watching
CU-11286,0.6727968132062001,At Risk
CU-11287,0.14281500246922824,Stable
CU-11288,0.12340336648976921,Stable
CU-11289,0.7384002480530292,At Risk
CU-11290,0.04749711989040865,Stable
CU-11291,0.09997897487321623,Stable
CU-11292,0.009438901648596077,Stable
CU-11293,0.12888949930560822,Stable
CU-11294,0.029374238377905315,Stable
CU-11295,0.08419220582308247,Stable
CU-11296,0.5415027402337695,At Risk
CU-11297,0.5987509450937075,At Risk
CU-11298,0.03960021656411286,Stable
CU-11299,0.2506856367929668,Watching
CU-11300,0.12528658486321734,Stable
CU-11301,0.19909694678790457,Stable
CU-11302,0.6010121872636807,At Risk
CU-11303,0.11257323816947937,Stable
CU-11304,0.07255827770117543,Stable
CU-11305,0.4278639910079907,Watching
CU-11306,0.24713791092814122,Stable
CU-11307,0.6578079188287808,At Risk
CU-11308,0.39767932110107745,Watching
CU-11309,0.2947660868093265,Watching
CU-11310,0.1831439116944345,Stable
CU-11311,0.6889549016755607,At Risk
CU-11312,0.064126653235309,Stable
CU-11313,0.26042226902180143,Watching
CU-11314,0.10532867805361276,Stable
CU-11315,0.14625635146220095,Stable
CU-11316,0.18242032570479152,Stable
CU-11317,0.10152976963760162,Stable
CU-11318,0.02112986873241097,Stable
CU-11319,0.6936360458785076,At Risk
CU-11320,0.6241365376106266,At Risk
CU-11321,0.3019870950722121,Watching
CU-11322,0.6578384784218224,At Risk
CU-11323,0.7592784998755748,Urgent
CU-11324,0.1244466756786386,Stable
CU-11325,0.2716985701594428,Watching
CU-11326,0.01570378423180959,Stable
CU-11327,0.22751811240723932,Stable
CU-11328,0.21690948534838092,Stable
CU-11329,0.2841513272555395,Watching
CU-11330,0.1471329695579859,Stable
CU-11331,0.40839999297067126,Watching
CU-11332,0.09460808351824827,Stable
CU-11333,0.13529968980890184,Stable
CU-11334,0.19002263092083677,Stable
CU-11335,0.06392998994846304,Stable
CU-11336,0.07190051599526326,Stable
CU-11337,0.1716848941659329,Stable
CU-11338,0.20288494276191046,Stable
CU-11339,0.06079075052608443,Stable
CU-11340,0.007917959756110222,Stable
CU-11341,0.12573824750274668,Stable
CU-11342,0.08983761687741339,Stable
CU-11343,0.0870279928556057,Stable
CU-11344,0.1450851997743257,Stable
CU-11345,0.26338979303023596,Watching
CU-11346,0.24339818192295692,Stable
CU-11347,0.06236164044041498,Stable
CU-11348,0.350781050762566,Watching
CU-11349,0.5953436358167388,At Risk
CU-11350,0.25962569642316125,Watching
CU-11351,0.7789110643790833,Urgent
CU-11352,0.09307824045224222,Stable
CU-11353,0.09300705337033653,Stable
CU-11354,0.040420406903194414,Stable
CU-11355,0.5880426664024416,At Risk
CU-11356,0.3903061079673181,Watching
CU-11357,0.09362103805018146,Stable
CU-11358,0.2567962854911368,Watching
CU-11359,0.3534028924166981,Watching
CU-11360,0.05275048941301733,Stable
CU-11361,0.36097454197992723,Watching
CU-11362,0.7567139689143471,Urgent
CU-11363,0.06126426392976082,Stable
CU-11364,0.10966101091318446,Stable
CU-11365,0.14322120748348174,Stable
CU-11366,0.005782102528045984,Stable
CU-11367,0.1246582486795378,Stable
CU-11368,0.23869936251898186,Stable
CU-11369,0.2800344108394686,Watching
CU-11370,0.4437082836174303,Watching
CU-11371,0.34081609740834723,Watching
CU-11372,0.5569342087748372,At Risk
CU-11373,0.04831827120294984,Stable
CU-11374,0.2996839515539722,Watching
CU-11375,0.17965463304856033,Stable
CU-11376,0.06042993636486182,Stable
CU-11377,0.1355659970534396,Stable
CU-11378,0.26978737956670884,Watching
CU-11379,0.5662963298529576,At Risk
CU-11380,0.6433278077004023,At Risk
CU-11381,0.15951140952337073,Stable
CU-11382,0.06845567738309864,Stable
CU-11383,0.18782365442347893,Stable
CU-11384,0.17511342068290625,Stable
CU-11385,0.011424225852029702,Stable
CU-11386,0.09863829161385626,Stable
CU-11387,0.6849116191653188,At Risk
CU-11388,0.4111763260056416,Watching
CU-11389,0.2545744542595509,Watching
CU-11390,0.5749942934949632,At Risk
CU-11391,0.08372358264272531,Stable
CU-11392,0.4009140897034877,Watching
CU-11393,0.04150545807477694,Stable
CU-11394,0.15541474804220604,Stable
CU-11395,0.4729243842403645,Watching
CU-11396,0.007957651575796927,Stable
CU-11397,0.09078991013006305,Stable
CU-11398,0.5227721707859737,At Risk
CU-11399,0.6282909695800487,At Risk
CU-11400,0.18695431376629187,Stable
CU-11401,0.01909159761368978,Stable
CU-11402,0.4196150961140409,Watching
CU-11403,0.49953587292397195,Watching
CU-11404,0.7002489415587304,At Risk
CU-11405,0.06667573988417688,Stable
CU-11406,0.3856879067985388,Watching
CU-11407,0.029747103843246293,Stable
CU-11408,0.14292138310306726,Stable
CU-11409,0.07340108318136841,Stable
CU-11410,0.18622370496190502,Stable
CU-11411,0.2206413432337203,Stable
CU-11412,0.5232231759353663,At Risk
CU-11413,0.29347055523925314,Watching
CU-11414,0.0045508677684309865,Stable
CU-11415,0.013094869370095416,Stable
CU-11416,0.5805361921541088,At Risk
CU-11417,0.5086612660887133,At Risk
CU-11418,0.2218433514332478,Stable
CU-11419,0.033840899848657256,Stable
CU-11420,0.44384993720872074,Watching
CU-11421,0.6193035289463937,At Risk
CU-11422,0.2007578954632624,Stable
CU-11423,0.7259629223057504,At Risk
CU-11424,0.21589316599656527,Stable
CU-11425,0.28690877980909363,Watching
CU-11426,0.040926094159246036,Stable
CU-11427,0.042753017180144626,Stable
CU-11428,0.6824973187462683,At Risk
CU-11429,0.36833348902070256,Watching
CU-11430,0.053945127188295174,Stable
CU-11431,0.7716953797092362,Urgent
CU-11432,0.4631028141985889,Watching
CU-11433,0.003749534518540767,Stable
CU-11434,0.15311578342261123,Stable
CU-11435,0.7669790593336481,Urgent
CU-11436,0.13054996959555043,Stable
CU-11437,0.36611882789722344,Watching
CU-11438,0.2528950301436399,Watching
CU-11439,0.0713949788146379,Stable
CU-11440,0.12308358147207944,Stable
CU-11441,0.3640510546264381,Watching
CU-11442,0.09136282382019562,Stable
CU-11443,0.42264432000350693,Watching
CU-11444,0.661304445912901,At Risk
CU-11445,0.3571252390856272,Watching
CU-11446,0.7994956488284253,Urgent
CU-11447,0.10358863195185293,Stable
CU-11448,0.4973219828798559,Watching
CU-11449,0.1980949371783884,Stable
CU-11450,0.09464348555278766,Stable
CU-11451,0.46141383487837584,Watching
CU-11452,0.4631543427778756,Watching
CU-11453,0.08529650220362582,Stable
CU-11454,0.1250027398895703,Stable
CU-11455,0.25619487823143233,Watching
CU-11456,0.11546154973697448,Stable
CU-11457,0.5519654693131502,At Risk
CU-11458,0.08558283642121242,Stable
CU-11459,0.4173328729826336,Watching
CU-11460,0.21792517861024016,Stable
CU-11461,0.10601011940285886,Stable
CU-11462,0.6009413944610543,At Risk
CU-11463,0.11255745625669096,Stable
CU-11464,0.22790613630145315,Stable
CU-11465,0.09323446357095594,Stable
CU-11466,0.36381067994659927,Watching
CU-11467,0.3698047706702587,Watching
CU-11468,0.5736434837984975,At Risk
CU-11469,0.013310036198508256,Stable
CU-11470,0.70065738209968,At Risk
CU-11471,0.02431633762399402,Stable
CU-11472,0.7142980072831625,At Risk
CU-11473,0.16008126002544093,Stable
CU-11474,0.2567444335805379,Watching
CU-11475,0.16591685306745116,Stable
CU-11476,0.16943675428142188,Stable
CU-11477,0.05901000755298952,Stable
CU-11478,0.19166540203400662,Stable
CU-11479,0.2476856481861786,Stable
CU-11480,0.10610372832006096,Stable
CU-11481,0.5416517941287898,At Risk
CU-11482,0.22209953833958831,Stable
CU-11483,0.7404332355686916,At Risk
CU-11484,0.09530481192868845,Stable
CU-11485,0.15618567454980853,Stable
CU-11486,0.017349109924326908,Stable
CU-11487,0.175954098361495,Stable
CU-11488,0.11823283252239689,Stable
CU-11489,0.028385623862655623,Stable
CU-11490,0.4691040073542914,Watching
CU-11491,0.05609064482666486,Stable
CU-11492,0.07883577734343131,Stable
CU-11493,0.7752301516343875,Urgent
CU-11494,0.35761757197794153,Watching
CU-11495,0.0385869559374315,Stable
CU-11496,0.09204962093436217,Stable
CU-11497,0.03077471701648267,Stable
CU-11498,0.32657507843769584,Watching
CU-11499,0.1978276338366018,Stable
CU-11500,0.10754353565939409,Stable
CU-11501,0.38219380091682625,Watching
CU-11502,0.4932679713689865,Watching
CU-11503,0.6844049111737082,At Risk
CU-11504,0.0018276855457995934,Stable
CU-11505,0.2067491907011359,Stable
CU-11506,0.0867850833332898,Stable
CU-11507,0.011337894611976382,Stable
CU-11508,0.03298491237346754,Stable
CU-11509,0.10186710943047471,Stable
CU-11510,0.07924645249330643,Stable
CU-11511,0.059686755804714435,Stable
CU-11512,0.09987091348140456,Stable
CU-11513,0.36244534476961165,Watching
CU-11514,0.8228523157080933,Urgent
CU-11515,0.6021855568575138,At Risk
CU-11516,0.11526241181087862,Stable
CU-11517,0.40845749129105074,Watching
CU-11518,0.05079320443393337,Stable
CU-11519,0.27924191557044425,Watching
CU-11520,0.7803003678436312,Urgent
CU-11521,0.1833466574880447,Stable
CU-11522,0.3276266149873148,Watching
CU-11523,0.08118246578517248,Stable
CU-11524,0.034864265088252064,Stable
CU-11525,0.15159810536747734,Stable
CU-11526,0.7128123169501752,At Risk
CU-11527,0.5495362377731355,At Risk
CU-11528,0.15755242160689642,Stable
CU-11529,0.6601899033898555,At Risk
CU-11530,0.046160951167222644,Stable
CU-11531,0.24491978880837162,Stable
CU-11532,0.23962044121262,Stable
CU-11533,0.40650963185214467,Watching
CU-11534,0.12769747087896482,Stable
CU-11535,0.038096818967339165,Stable
CU-11536,0.06926255271055004,Stable
CU-11537,0.14370761508825886,Stable
CU-11538,0.16049162195458982,Stable
CU-11539,0.014754120976704019,Stable
CU-11540,0.04035710265534496,Stable
CU-11541,0.2498700381365345,Stable
CU-11542,0.043265853045275,Stable
CU-11543,0.6967266304739126,At Risk
CU-11544,0.5525912323861506,At Risk
CU-11545,0.7217956387683361,At Risk
CU-11546,0.3484667433381168,Watching
CU-11547,0.02336079498405856,Stable
CU-11548,0.263286876534454,Watching
CU-11549,0.583883959372932,At Risk
CU-11550,0.11270812922587634,Stable
CU-11551,0.23026784908251818,Stable
CU-11552,0.17932885027881723,Stable
CU-11553,0.07267554704797816,Stable
CU-11554,0.07844393118723994,Stable
CU-11555,0.07931019668753332,Stable
CU-11556,0.05442298693537809,Stable
CU-11557,0.10718343164387271,Stable
CU-11558,0.6677488757179424,At Risk
CU-11559,0.23741444103017068,Stable
CU-11560,0.15313748066837118,Stable
CU-11561,0.8106382017001357,Urgent
CU-11562,0.05840463903276213,Stable
CU-11563,0.23143041579026133,Stable
CU-11564,0.014571496010449499,Stable
CU-11565,0.7259591582407701,At Risk
CU-11566,0.39948606286644295,Watching
CU-11567,0.4875184836858582,Watching
CU-11568,0.43600691083332327,Watching
CU-11569,0.23449916023081013,Stable
CU-11570,0.23026265128026213,Stable
CU-11571,0.6573550897501204,At Risk
CU-11572,0.3304327633595035,Watching
CU-11573,0.4973176432119895,Watching
CU-11574,0.03206591876543854,Stable
CU-11575,0.13123963796944,Stable
CU-11576,0.3151437246210518,Watching
CU-11577,0.17556601561826077,Stable
CU-11578,0.02808863010525458,Stable
CU-11579,0.10154518209941431,Stable
CU-11580,0.14986574435789057,Stable
CU-11581,0.3048555618355582,Watching
CU-11582,0.32145641312106454,Watching
CU-11583,0.6843553624804748,At Risk
CU-11584,0.1053978500286418,Stable
CU-11585,0.07707875713174595,Stable
CU-11586,0.07730164329605352,Stable
CU-11587,0.11110572903912053,Stable
CU-11588,0.5721849172764191,At Risk
CU-11589,0.12269849701747856,Stable
CU-11590,0.7092980768814823,At Risk
CU-11591,0.6489710245122129,At Risk
CU-11592,0.2351820929184191,Stable
CU-11593,0.29857684116368693,Watching
CU-11594,0.5523017720575112,At Risk
CU-11595,0.33056848988665977,Watching
CU-11596,0.5647234838906082,At Risk
CU-11597,0.5674772926378926,At Risk
CU-11598,0.7384894283214536,At Risk
CU-11599,0.08818491432439973,Stable
CU-11600,0.6860362054565,At Risk
CU-11601,0.7204858121612268,At Risk
CU-11602,0.06767751801412292,Stable
CU-11603,0.6069618168594424,At Risk
CU-11604,0.23576552239185133,Stable
CU-11605,0.5389303981704535,At Risk
CU-11606,0.2209085598308725,Stable
CU-11607,0.0075796894797748975,Stable
CU-11608,0.5366657138507517,At Risk
CU-11609,0.008686634998014815,Stable
CU-11610,0.03283275016148929,Stable
CU-11611,0.06205436928485473,Stable
CU-11612,0.7058573754884594,At Risk
CU-11613,0.736079210112927,At Risk
CU-11614,0.430322500092447,Watching
CU-11615,0.2211315236537052,Stable
CU-11616,0.16438000633423935,Stable
CU-11617,0.14137699988302116,Stable
CU-11618,0.023628946625230105,Stable
CU-11619,0.7005472022306557,At Risk
CU-11620,0.07882143690361765,Stable
CU-11621,0.14724951190356145,Stable
CU-11622,0.1448928559197205,Stable
CU-11623,0.43455081866205736,Watching
CU-11624,0.44805332207975873,Watching
CU-11625,0.04783434459675888,Stable
CU-11626,0.30247112192292874,Watching
CU-11627,0.053662698412698405,Stable
CU-11628,0.7274410421874606,At Risk
CU-11629,0.1341748051650196,Stable
CU-11630,0.17076874778814863,Stable
CU-11631,0.11019018291174097,Stable
CU-11632,0.05664651745442539,Stable
CU-11633,0.7519450206528465,Urgent
CU-11634,0.4185161750135209,Watching
CU-11635,0.6250248296780996,At Risk
CU-11636,0.5962501568129747,At Risk
CU-11637,0.17049948275530402,Stable
CU-11638,0.18415109778419386,Stable
CU-11639,0.10664237590825186,Stable
CU-11640,0.0776780370998145,Stable
CU-11641,0.24125843613358833,Stable
CU-11642,0.5750053412456346,At Risk
CU-11643,0.740066274235395,At Risk
CU-11644,0.7398949103911506,At Risk
CU-11645,0.2401549660035462,Stable
CU-11646,0.2478326994531643,Stable
CU-11647,0.06578624917685416,Stable
CU-11648,0.7597899888130901,Urgent
CU-11649,0.15534702994140528,Stable
CU-11650,0.1536195459597183,Stable
CU-11651,0.2808678741745307,Watching
CU-11652,0.2056023682330661,Stable
CU-11653,0.4384953624699138,Watching
CU-11654,0.09050561609662373,Stable
CU-11655,0.11673167984063787,Stable
CU-11656,0.7049413651410927,At Risk
CU-11657,0.5679140531905389,At Risk
CU-11658,0.09845801246418595,Stable
CU-11659,0.03136224956530148,Stable
CU-11660,0.05423191904408399,Stable
CU-11661,0.5289743715713839,At Risk
CU-11662,0.4705729450945419,Watching
CU-11663,0.1590944018480849,Stable
CU-11664,0.008743115358857636,Stable
CU-11665,0.3815691175418142,Watching
CU-11666,0.7712950280729531,Urgent
CU-11667,0.25543208827564795,Watching
CU-11668,0.06430171190927779,Stable
CU-11669,0.11877882938089676,Stable
CU-11670,0.14178677377173407,Stable
CU-11671,0.1392443770549354,Stable
CU-11672,0.5065434845448363,At Risk
CU-11673,0.07621851234553814,Stable
CU-11674,0.11083228925287329,Stable
CU-11675,0.49021085803954,Watching
CU-11676,0.5761841059451619,At Risk
CU-11677,0.5648741301762972,At Risk
CU-11678,0.1850319972408467,Stable
CU-11679,0.4951110281584334,Watching
CU-11680,0.6280482843656651,At Risk
CU-11681,0.11912924095034107,Stable
CU-11682,0.66916375721854,At Risk
CU-11683,0.002896967241083897,Stable
CU-11684,0.033417344868408326,Stable
CU-11685,0.06333482464792388,Stable
CU-11686,0.35595035813818887,Watching
CU-11687,0.03801871098455409,Stable
CU-11688,0.08864833561805036,Stable
CU-11689,0.582849564117398,At Risk
CU-11690,0.25842385819108477,Watching
CU-11691,0.4012799829671755,Watching
CU-11692,0.24098072115189417,Stable
CU-11693,0.45575527166490837,Watching
CU-11694,0.06602059621553277,Stable
CU-11695,0.8134862867684309,Urgent
CU-11696,0.2811933421405837,Watching
CU-11697,0.2131253730115295,Stable
CU-11698,0.2831471584828327,Watching
CU-11699,0.04214298151130258,Stable
CU-11700,0.11114217660106031,Stable
CU-11701,0.1574271776713105,Stable
CU-11702,0.12249457803897396,Stable
CU-11703,0.026102736609771502,Stable
CU-11704,0.06996741183256847,Stable
CU-11705,0.20226510628002345,Stable
CU-11706,0.38174536962995076,Watching
CU-11707,0.17123952575161078,Stable
CU-11708,0.1293497903707742,Stable
CU-11709,0.3362742145692744,Watching
CU-11710,0.07911829788845483,Stable
CU-11711,0.013320143444160555,Stable
CU-11712,0.11595500712846972,Stable
CU-11713,0.11267709623433221,Stable
CU-11714,0.1813963260309126,Stable
CU-11715,0.609198882217775,At Risk
CU-11716,0.2161948180499959,Stable
CU-11717,0.786679632678001,Urgent
CU-11718,0.5873540817311628,At Risk
CU-11719,0.07058768972665465,Stable
CU-11720,0.6596981797259295,At Risk
CU-11721,0.15746538213078579,Stable
CU-11722,0.30093631947090527,Watching
CU-11723,0.37406022528582544,Watching
CU-11724,0.1067799341685344,Stable
CU-11725,0.053029486371668794,Stable
CU-11726,0.5650490040712112,At Risk
CU-11727,0.04824167677671534,Stable
CU-11728,0.28195393155909676,Watching
CU-11729,0.15306607918941778,Stable
CU-11730,0.36863555156029043,Watching
CU-11731,0.44350580566736914,Watching
CU-11732,0.025144759211851882,Stable
CU-11733,0.2117393424789866,Stable
CU-11734,0.37312210331544277,Watching
CU-11735,0.41166782599335633,Watching
CU-11736,0.2595409243652783,Watching
CU-11737,0.044411362198426084,Stable
CU-11738,0.19157612449276326,Stable
CU-11739,0.0296223607280966,Stable
CU-11740,0.43822314266534035,Watching
CU-11741,0.07054629953062269,Stable
CU-11742,0.06693413633299976,Stable
CU-11743,0.13183134434068777,Stable
CU-11744,0.7095466164178308,At Risk
CU-11745,0.3711187941658096,Watching
CU-11746,0.5354971901556582,At Risk
CU-11747,0.049663826398840795,Stable
CU-11748,0.631887817714449,At Risk
CU-11749,0.14296022058250477,Stable
CU-11750,0.11272252506345815,Stable
CU-11751,0.22069988574112354,Stable
CU-11752,0.20740378991041233,Stable
CU-11753,0.19235988966160306,Stable
CU-11754,0.17086667990069354,Stable
CU-11755,0.08235857791101871,Stable
CU-11756,0.36862313229342303,Watching
CU-11757,0.3427987833215303,Watching
CU-11758,0.13383799676326383,Stable
CU-11759,0.2189808012237645,Stable
CU-11760,0.029932006880548676,Stable
CU-11761,0.038301418784150325,Stable
CU-11762,0.5279423579588473,At Risk
CU-11763,0.40023562997804163,Watching
CU-11764,0.030321179198723357,Stable
CU-11765,0.5084605662042594,At Risk
CU-11766,0.5246619443790554,At Risk
CU-11767,0.05916209751028376,Stable
CU-11768,0.24638324015526725,Stable
CU-11769,0.33776753856727715,Watching
CU-11770,0.005537577602366335,Stable
CU-11771,0.10430236655321094,Stable
CU-11772,0.042250255626397885,Stable
CU-11773,0.41277428850752285,Watching
CU-11774,0.603718803620474,At Risk
CU-11775,0.09051403985055873,Stable
CU-11776,0.09121275539356574,Stable
CU-11777,0.18464890804649983,Stable
CU-11778,0.5579214092563788,At Risk
CU-11779,0.3480696919065069,Watching
CU-11780,0.04967012176026133,Stable
CU-11781,0.044268464026752434,Stable
CU-11782,0.07016935650883434,Stable
CU-11783,0.04984414458493248,Stable
CU-11784,0.4600648264846329,Watching
CU-11785,0.34942186822143606,Watching
CU-11786,0.20325305552344045,Stable
CU-11787,0.10529540094295349,Stable
CU-11788,0.7127991245131108,At Risk
CU-11789,0.09293781160147534,Stable
CU-11790,0.1300298580289703,Stable
CU-11791,0.0483051176890057,Stable
CU-11792,0.5429991409363576,At Risk
CU-11793,0.43339256827770384,Watching
CU-11794,0.7892575800404826,Urgent
CU-11795,0.03886142780192889,Stable
CU-11796,0.6673058415779942,At Risk
CU-11797,0.6471060299404424,At Risk
CU-11798,0.719821495427025,At Risk
CU-11799,0.779427613606947,Urgent
CU-11800,0.44124433961805387,Watching
CU-11801,0.007267502105363295,Stable
CU-11802,0.04415952818774891,Stable
CU-11803,0.07201635603001906,Stable
CU-11804,0.10846312602111925,Stable
CU-11805,0.30684782333046373,Watching
CU-11806,0.5817899679789135,At Risk
CU-11807,0.6338230091008403,At Risk
CU-11808,0.1899345632379386,Stable
CU-11809,0.6391473553495826,At Risk
CU-11810,0.007628244028399691,Stable
CU-11811,0.009225275853511884,Stable
CU-11812,0.20464314067676437,Stable
CU-11813,0.03715871431786288,Stable
CU-11814,0.047643029728662516,Stable
CU-11815,0.1880716357848187,Stable
CU-11816,0.6508525155804863,At Risk
CU-11817,0.0514864715423159,Stable
CU-11818,0.3661090017571361,Watching
CU-11819,0.1017380823902354,Stable
CU-11820,0.1365563945269386,Stable
CU-11821,0.12897756045331238,Stable
CU-11822,0.405379913663945,Watching
CU-11823,0.09653131346812381,Stable
CU-11824,0.5773105873257954,At Risk
CU-11825,0.016030752214575016,Stable
CU-11826,0.07151435620173832,Stable
CU-11827,0.051875203812923515,Stable
CU-11828,0.740452134499708,At Risk
CU-11829,0.5061392465272426,At Risk
CU-11830,0.21226399042423583,Stable
CU-11831,0.16856702107685656,Stable
CU-11832,0.6996592060924341,At Risk
CU-11833,0.13147171546399275,Stable
CU-11834,0.7363648308408114,At Risk
CU-11835,0.21937734361294706,Stable
CU-11836,0.04537934832128604,Stable
CU-11837,0.3818672942209909,Watching
CU-11838,0.6211762941476018,At Risk
CU-11839,0.6849258287288786,At Risk
CU-11840,0.42950167112971016,Watching
CU-11841,0.15699249923749856,Stable
CU-11842,0.037911132368151336,Stable
CU-11843,0.09229196733503026,Stable
CU-11844,0.33380753585937656,Watching
CU-11845,0.2549752338586327,Watching
CU-11846,0.37845812406478146,Watching
CU-11847,0.15784954958116196,Stable
CU-11848,0.094162646197217,Stable
CU-11849,0.6728993796694762,At Risk
CU-11850,0.17901810807912505,Stable
CU-11851,0.670968098220178,At Risk
CU-11852,0.7173436942807078,At Risk
CU-11853,0.04860025400462341,Stable
CU-11854,0.10638855686667004,Stable
CU-11855,0.5352321975968839,At Risk
CU-11856,0.6090301262110992,At Risk
CU-11857,0.25953658456372997,Watching
CU-11858,0.0938447013257679,Stable
CU-11859,0.13251403961184877,Stable
CU-11860,0.21229724898526303,Stable
CU-11861,0.11907078793715101,Stable
CU-11862,0.09395944265138712,Stable
CU-11863,0.19989393683683662,Stable
CU-11864,0.051473874296066396,Stable
CU-11865,0.575247309513205,At Risk
CU-11866,0.1480438638743584,Stable
CU-11867,0.11449126070973557,Stable
CU-11868,0.18403649149283027,Stable
CU-11869,0.19767975456034453,Stable
CU-11870,0.44423506130815693,Watching
CU-11871,0.5626728950163753,At Risk
CU-11872,0.5476414998177864,At Risk
CU-11873,0.4659969431774605,Watching
CU-11874,0.5520735891896265,At Risk
CU-11875,0.021199593505448585,Stable
CU-11876,0.013491586620749762,Stable
CU-11877,0.32135837327256156,Watching
CU-11878,0.42635221314637817,Watching
CU-11879,0.006158375747815403,Stable
CU-11880,0.6231862130303442,At Risk
CU-11881,0.7355388463737029,At Risk
CU-11882,0.32362167864878943,Watching
CU-11883,0.06012075608915746,Stable
CU-11884,0.5783183937741527,At Risk
CU-11885,0.3433024731965967,Watching
CU-11886,0.6169173751287939,At Risk
CU-11887,0.46953641430768733,Watching
CU-11888,0.018149147653802565,Stable
CU-11889,0.4070556067666432,Watching
CU-11890,0.1586207715145935,Stable
CU-11891,0.22898736523330462,Stable
CU-11892,0.2935932221629907,Watching
CU-11893,0.20310340529272922,Stable
CU-11894,0.07879139534958701,Stable
CU-11895,0.7197850071206999,At Risk
CU-11896,0.7226912686934815,At Risk
CU-11897,0.28208650063217844,Watching
CU-11898,0.452448359323728,Watching
CU-11899,0.09660833178713567,Stable
CU-11900,0.4045413083835139,Watching
CU-11901,0.7256045760058043,At Risk
CU-11902,0.5405060180133139,At Risk
CU-11903,0.07187422067386161,Stable
CU-11904,0.2290874318899069,Stable
CU-11905,0.48402195581107776,Watching
CU-11906,0.6306914868174719,At Risk
CU-11907,0.49795631775081844,Watching
CU-11908,0.11268301904079327,Stable
CU-11909,0.7230492509808051,At Risk
CU-11910,0.1831183283656361,Stable
CU-11911,0.4628302828128745,Watching
CU-11912,0.04240874892684502,Stable
CU-11913,0.04162210112962761,Stable
CU-11914,0.6710546437902686,At Risk
CU-11915,0.2437299862397136,Stable
CU-11916,0.7447193201934889,At Risk
CU-11917,0.14008096536447948,Stable
CU-11918,0.004963317384370016,Stable
CU-11919,0.5928942983669941,At Risk
CU-11920,0.173990805107826,Stable
CU-11921,0.06991310681853304,Stable
CU-11922,0.2549938223667813,Watching
CU-11923,0.5624620022521913,At Risk
CU-11924,0.5859623225986236,At Risk
CU-11925,0.16889670297958392,Stable
CU-11926,0.08993369367113518,Stable
CU-11927,0.18017361693969997,Stable
CU-11928,0.13713856442400624,Stable
CU-11929,0.5273159263373436,At Risk
CU-11930,0.18462473718278347,Stable
CU-11931,0.2649180034644696,Watching
CU-11932,0.4131926717077036,Watching
CU-11933,0.30200916203550965,Watching
CU-11934,0.3128330776251481,Watching
CU-11935,0.6707502861063931,At Risk
CU-11936,0.7853049633040218,Urgent
CU-11937,0.15407007123791544,Stable
CU-11938,0.06777740319326525,Stable
CU-11939,0.498968558284425,Watching
CU-11940,0.23807979170091556,Stable
CU-11941,0.2813033072136686,Watching
CU-11942,0.610717835632935,At Risk
CU-11943,0.1755610031705503,Stable
CU-11944,0.22073331114904055,Stable
CU-11945,0.2406174812153002,Stable
CU-11946,0.1305546416188775,Stable
CU-11947,0.37639417000516473,Watching
CU-11948,0.34108917740810507,Watching
CU-11949,0.33130806750335245,Watching
CU-11950,0.5987145777897868,At Risk
CU-11951,0.3312675783411324,Watching
CU-11952,0.7563955084574302,Urgent
CU-11953,0.04005753649074479,Stable
CU-11954,0.1499497839928587,Stable
CU-11955,0.026318363128004306,Stable
CU-11956,0.02595179711941077,Stable
CU-11957,0.12516698182158353,Stable
CU-11958,0.12405344389006685,Stable
CU-11959,0.5716168974773045,At Risk
CU-11960,0.2500068334841726,Watching
CU-11961,0.06632227731127385,Stable
CU-11962,0.07691921690060738,Stable
CU-11963,0.16876044768947357,Stable
CU-11964,0.06847132797097136,Stable
CU-11965,0.5720593374564168,At Risk
CU-11966,0.008856372550962735,Stable
CU-11967,0.1873158900805677,Stable
CU-11968,0.7007703260634465,At Risk
CU-11969,0.008014298096432641,Stable
CU-11970,0.1494427208630578,Stable
CU-11971,0.07489410902987248,Stable
CU-11972,0.1112072720393606,Stable
CU-11973,0.18575118005731867,Stable
CU-11974,0.08942254638862611,Stable
CU-11975,0.2722767932503958,Watching
CU-11976,0.047804186373614034,Stable
CU-11977,0.06430298391957495,Stable
CU-11978,0.31166023987069663,Watching
CU-11979,0.3933258289681414,Watching
CU-11980,0.3466842521705603,Watching
CU-11981,0.2107813627267312,Stable
CU-11982,0.19877358162475545,Stable
CU-11983,0.34908290797272584,Watching
CU-11984,0.78922849623694,Urgent
CU-11985,0.06884823540512121,Stable
CU-11986,0.03270621012633637,Stable
CU-11987,0.01204445913597439,Stable
CU-11988,0.10764410041967575,Stable
CU-11989,0.6290606511678157,At Risk
CU-11990,0.06187271911343267,Stable
CU-11991,0.09570552243593589,Stable
CU-11992,0.010596760038627242,Stable
CU-11993,0.4410957649496502,Watching
CU-11994,0.49728272537061735,Watching
CU-11995,0.5781035295299383,At Risk
CU-11996,0.3662828109530404,Watching
CU-11997,0.0428460560221037,Stable
CU-11998,0.039191059310455294,Stable
CU-11999,0.04216746527023405,Stable
CU-12000,0.054726908272494344,Stable
CU-12001,0.3561852699853236,Watching
CU-12002,0.04865679640668329,Stable
CU-12003,0.0862413697355337,Stable
CU-12004,0.1452832491745684,Stable
CU-12005,0.060178078860244864,Stable
CU-12006,0.3381357030915125,Watching
CU-12007,0.07908007471214364,Stable
CU-12008,0.06854263627909836,Stable
CU-12009,0.05946266116431127,Stable
CU-12010,0.07481394893027776,Stable
CU-12011,0.1812441858359762,Stable
CU-12012,0.6332716050487252,At Risk
CU-12013,0.18144523727776263,Stable
CU-12014,0.4508158464656895,Watching
CU-12015,0.059592538682017346,Stable
CU-12016,0.5174640988750603,At Risk
CU-12017,0.3657867945704926,Watching
CU-12018,0.2101676813151817,Stable
CU-12019,0.4361107227176915,Watching
CU-12020,0.5336228570637044,At Risk
CU-12021,0.1250953424436576,Stable
CU-12022,0.4929306408104207,Watching
CU-12023,0.510448513178582,At Risk
CU-12024,0.611722161485621,At Risk
CU-12025,0.3039282630197891,Watching
CU-12026,0.043752614844531176,Stable
CU-12027,0.4552100809354016,Watching
CU-12028,0.17241882747073767,Stable
CU-12029,0.19082330479200726,Stable
CU-12030,0.4158367917241443,Watching
CU-12031,0.2656560777342504,Watching
CU-12032,0.06467711682810315,Stable
CU-12033,0.58236853686468,At Risk
CU-12034,0.5676430104924336,At Risk
CU-12035,0.620230824801288,At Risk
CU-12036,0.2775537392551517,Watching
CU-12037,0.10930725285413512,Stable
CU-12038,0.07469263585541944,Stable
CU-12039,0.12762218619654353,Stable
CU-12040,0.4972958780753409,Watching
CU-12041,0.2593238188167064,Watching
CU-12042,0.1909201914242242,Stable
CU-12043,0.017654312794406817,Stable
CU-12044,0.423734337461472,Watching
CU-12045,0.015515665449488254,Stable
CU-12046,0.10575796486259936,Stable
CU-12047,0.25790293045963897,Watching
CU-12048,0.03799925441132431,Stable
CU-12049,0.47636310673092014,Watching
CU-12050,0.028265328882021618,Stable
CU-12051,0.1406690397784067,Stable
CU-12052,0.36307532040714,Watching
CU-12053,0.3300764422476974,Watching
CU-12054,0.7254593357877533,At Risk
CU-12055,0.3285482760902428,Watching
CU-12056,0.4325766250876043,Watching
CU-12057,0.5370698309485866,At Risk
CU-12058,0.6056930833862292,At Risk
CU-12059,0.06859186403284041,Stable
CU-12060,0.055759444877747956,Stable
CU-12061,0.00985834324433715,Stable
CU-12062,0.6184372571377955,At Risk
CU-12063,0.6755774684001452,At Risk
CU-12064,0.27181898678574684,Watching
CU-12065,0.09899553938825356,Stable
CU-12066,0.5583779517251412,At Risk
CU-12067,0.11261149072634438,Stable
CU-12068,0.7094435362067528,At Risk
CU-12069,0.04028110223733011,Stable
CU-12070,0.7018136566082185,At Risk
CU-12071,0.1318742493254317,Stable
CU-12072,0.06410694413274126,Stable
CU-12073,0.08211613361666464,Stable
CU-12074,0.06143616137178331,Stable
CU-12075,0.16594968586260211,Stable
CU-12076,0.7707386388821393,Urgent
CU-12077,0.671808673860809,At Risk
CU-12078,0.5453804262575092,At Risk
CU-12079,0.42738219439035047,Watching
CU-12080,0.16420859591926878,Stable
CU-12081,0.07183259872056723,Stable
CU-12082,0.4053599835748702,Watching
CU-12083,0.26284942633447017,Watching
CU-12084,0.2903134155533154,Watching
CU-12085,0.6173406515009849,At Risk
CU-12086,0.041333758064141114,Stable
CU-12087,0.2886957212576747,Watching
CU-12088,0.2450478590514656,Stable
CU-12089,0.09288384427960444,Stable
CU-12090,0.3637801252885889,Watching
CU-12091,0.2477231178435898,Stable
CU-12092,0.7091347555279147,At Risk
CU-12093,0.09521825200875739,Stable
CU-12094,0.3348026923630861,Watching
CU-12095,0.14090459534492314,Stable
CU-12096,0.18024736442505987,Stable
CU-12097,0.011935680496996962,Stable
CU-12098,0.567191795414525,At Risk
CU-12099,0.5804940443035954,At Risk
CU-12100,0.048415016131909565,Stable
CU-12101,0.677347778779669,At Risk
CU-12102,0.17988839350918018,Stable
CU-12103,0.2955407854559811,Watching
CU-12104,0.13262317454469782,Stable
CU-12105,0.043951458031859986,Stable
CU-12106,0.5859509116810836,At Risk
CU-12107,0.5767771320121392,At Risk
CU-12108,0.23755407955477492,Stable
CU-12109,0.4218038368752465,Watching
CU-12110,0.5964149778623355,At Risk
CU-12111,0.12730920330039622,Stable
CU-12112,0.11385302796521973,Stable
CU-12113,0.25173901367201856,Watching
CU-12114,0.1080502541651525,Stable
CU-12115,0.5037594502437021,At Risk
CU-12116,0.10320468126239915,Stable
CU-12117,0.4935703061233081,Watching
CU-12118,0.5479225842878193,At Risk
CU-12119,0.11424654375851497,Stable
CU-12120,0.12467525071554472,Stable
CU-12121,0.42754801291314676,Watching
CU-12122,0.4889901087373652,Watching
CU-12123,0.0015011584659471982,Stable
CU-12124,0.013763491695504358,Stable
CU-12125,0.048287636986455384,Stable
CU-12126,0.3533842808596381,Watching
CU-12127,0.0863842266602735,Stable
CU-12128,0.6193360447081424,At Risk
CU-12129,0.7535897130691619,Urgent
CU-12130,0.025042277736463076,Stable
CU-12131,0.5411997090358676,At Risk
CU-12132,0.42691117829037045,Watching
CU-12133,0.6318191474666601,At Risk
CU-12134,0.01878326095786495,Stable
CU-12135,0.11635461620606305,Stable
CU-12136,0.09927951600015451,Stable
CU-12137,0.6553425696508504,At Risk
CU-12138,0.3607125567354562,Watching
CU-12139,0.2339986660293549,Stable
CU-12140,0.1847080849839476,Stable
CU-12141,0.22572069981758122,Stable
CU-12142,0.19695221526669382,Stable
CU-12143,0.2104314684801101,Stable
CU-12144,0.6471813093785418,At Risk
CU-12145,0.3353694723049563,Watching
CU-12146,0.17681005660522023,Stable
CU-12147,0.13019379420744168,Stable
CU-12148,0.7970330309453781,Urgent
CU-12149,0.07092140391699837,Stable
CU-12150,0.19610073786681334,Stable
CU-12151,0.44045745948260584,Watching
CU-12152,0.010433396337380082,Stable
CU-12153,0.007600216799523675,Stable
CU-12154,0.47298360875326495,Watching
CU-12155,0.4744578895529422,Watching
CU-12156,0.4622487128563704,Watching
CU-12157,0.10760902563434765,Stable
CU-12158,0.13647886408592977,Stable
CU-12159,0.2941014740836293,Watching
CU-12160,0.06464413254325319,Stable
CU-12161,0.2691964540113957,Watching
CU-12162,0.4631559414624189,Watching
CU-12163,0.06303994679437572,Stable
CU-12164,0.746218676745156,At Risk
CU-12165,0.0816058741922088,Stable
CU-12166,0.5799088731963572,At Risk
CU-12167,0.3567871268316587,Watching
CU-12168,0.5472207223436952,At Risk
CU-12169,0.5859317500849892,At Risk
CU-12170,0.014920106783908125,Stable
CU-12171,0.024594141061282215,Stable
CU-12172,0.07787653724658991,Stable
CU-12173,0.01836685193079954,Stable
CU-12174,0.7226224999773246,At Risk
CU-12175,0.10896633087908113,Stable
CU-12176,0.05082481438256875,Stable
CU-12177,0.00632260101010101,Stable
CU-12178,0.016009754330222354,Stable
CU-12179,0.02390620949194803,Stable
CU-12180,0.1274576039263246,Stable
CU-12181,0.04992218840207099,Stable
CU-12182,0.6243352003463766,At Risk
CU-12183,0.2633178328534628,Watching
CU-12184,0.5032305629419617,At Risk
CU-12185,0.27616926463515357,Watching
CU-12186,0.14001243151923723,Stable
CU-12187,0.035392581353318096,Stable
CU-12188,0.5795502975575527,At Risk
CU-12189,0.07468581102276618,Stable
CU-12190,0.0655148140928353,Stable
CU-12191,0.2508332511500369,Watching
CU-12192,0.11074921199051464,Stable
CU-12193,0.1868017911358853,Stable
CU-12194,0.22425123437823824,Stable
CU-12195,0.2302572430328356,Stable
CU-12196,0.09309182853884773,Stable
CU-12197,0.22592023713887424,Stable
CU-12198,0.03967215214670636,Stable
CU-12199,0.0950024569451228,Stable
CU-12200,0.2515301842012398,Watching
CU-12201,0.04274750410340463,Stable
CU-12202,0.08980348628605749,Stable
CU-12203,0.10886835742298574,Stable
CU-12204,0.22329055946572954,Stable
CU-12205,0.10438200895513129,Stable
CU-12206,0.07511238757433168,Stable
CU-12207,0.3012600394409874,Watching
CU-12208,0.5332804022765932,At Risk
CU-12209,0.37381371675185204,Watching
CU-12210,0.38901760163205723,Watching
CU-12211,0.2330742757021808,Stable
CU-12212,0.1359157781520506,Stable
CU-12213,0.19867890606933006,Stable
CU-12214,0.5412762862101461,At Risk
CU-12215,0.10420125267517402,Stable
CU-12216,0.6763280621810469,At Risk
CU-12217,0.13446322548421297,Stable
CU-12218,0.15593569099738588,Stable
CU-12219,0.3645790844777852,Watching
CU-12220,0.08213585753274194,Stable
CU-12221,0.20763756950953444,Stable
CU-12222,0.07861443793012288,Stable
CU-12223,0.010253734177416863,Stable
CU-12224,0.7600024460093434,Urgent
CU-12225,0.05818310738670852,Stable
CU-12226,0.1774613792767958,Stable
CU-12227,0.15895696431169543,Stable
CU-12228,0.021747758285890012,Stable
CU-12229,0.668523254864821,At Risk
CU-12230,0.009545011215743818,Stable
CU-12231,0.6272484449935185,At Risk
CU-12232,0.156854392025791,Stable
CU-12233,0.049228175954881534,Stable
CU-12234,0.7608424090044166,Urgent
CU-12235,0.3034778394056822,Watching
CU-12236,0.34779533053010875,Watching
CU-12237,0.05589776937154766,Stable
CU-12238,0.04171672007624658,Stable
CU-12239,0.039877162225651006,Stable
CU-12240,0.6047132609168107,At Risk
CU-12241,0.011887813535616304,Stable
CU-12242,0.13082492305736826,Stable
CU-12243,0.11300595791638396,Stable
CU-12244,0.7938703347194499,Urgent
CU-12245,0.5644389461451593,At Risk
CU-12246,0.2025568795330988,Stable
CU-12247,0.744407366146533,At Risk
CU-12248,0.5971905669556139,At Risk
CU-12249,0.30152403579672304,Watching
CU-12250,0.3032140623969867,Watching
CU-12251,0.07925372515660942,Stable
CU-12252,0.48136860512310387,Watching
CU-12253,0.007907873262820855,Stable
CU-12254,0.696317783424922,At Risk
CU-12255,0.5382462842952915,At Risk
CU-12256,0.031948274770223745,Stable
CU-12257,0.7500259402240796,Urgent
CU-12258,0.3076251136978258,Watching
CU-12259,0.26190320014190244,Watching
CU-12260,0.3144251681612939,Watching
CU-12261,0.1949740221898362,Stable
CU-12262,0.2318970644684975,Stable
CU-12263,0.03993658025665453,Stable
CU-12264,0.06128253121634444,Stable
CU-12265,0.07396095478239714,Stable
CU-12266,0.07966841097748797,Stable
CU-12267,0.32578780987130584,Watching
CU-12268,0.014831942680646611,Stable
CU-12269,0.12357190939021448,Stable
CU-12270,0.20758535097489417,Stable
CU-12271,0.060213383413928644,Stable
CU-12272,0.12737102665909106,Stable
CU-12273,0.6389026253906956,At Risk
CU-12274,0.06552763183843491,Stable
CU-12275,0.08792995554639678,Stable
CU-12276,0.20112602640703148,Stable
CU-12277,0.054333979618288106,Stable
CU-12278,0.5678135130723426,At Risk
CU-12279,0.7665098346172593,Urgent
CU-12280,0.24463454625627307,Stable
CU-12281,0.34371912900321333,Watching
CU-12282,0.701871324071672,At Risk
CU-12283,0.022549111291037916,Stable
CU-12284,0.09156414539192857,Stable
CU-12285,0.4652994991559937,Watching
CU-12286,0.6769243441320032,At Risk
CU-12287,0.198596419400957,Stable
CU-12288,0.4690619383467455,Watching
CU-12289,0.058685972616121865,Stable
CU-12290,0.1064337706279098,Stable
CU-12291,0.039886734004176215,Stable
CU-12292,0.07370311800222908,Stable
CU-12293,0.2834737722564436,Watching
CU-12294,0.12416285114692834,Stable
CU-12295,0.660084765664216,At Risk
CU-12296,0.6718469636088814,At Risk
CU-12297,0.12842882538554443,Stable
CU-12298,0.07030405046638633,Stable
CU-12299,0.6774833145940717,At Risk
CU-12300,0.11139392879610288,Stable
CU-12301,0.38446121259091365,Watching
CU-12302,0.6069892196108997,At Risk
CU-12303,0.13666516291515027,Stable
CU-12304,0.415712360645601,Watching
CU-12305,0.47108206073927666,Watching
CU-12306,0.5261651471203798,At Risk
CU-12307,0.21103249670300694,Stable
CU-12308,0.12863413175328214,Stable
CU-12309,0.27428605439793313,Watching
CU-12310,0.050698272982823304,Stable
CU-12311,0.18938714969564907,Stable
CU-12312,0.33108770426382306,Watching
CU-12313,0.6033859977116893,At Risk
CU-12314,0.1229250550333832,Stable
CU-12315,0.7226139904270199,At Risk
CU-12316,0.2822008235243987,Watching
CU-12317,0.23030453886534916,Stable
CU-12318,0.05807664997763579,Stable
CU-12319,0.23435181440481523,Stable
CU-12320,0.22708147835854642,Stable
CU-12321,0.05599041198446149,Stable
CU-12322,0.7059479183824117,At Risk
CU-12323,0.18872494348755112,Stable
CU-12324,0.2484890668972505,Stable
CU-12325,0.12295531100496021,Stable
CU-12326,0.07138538580247641,Stable
CU-12327,0.13597104955370573,Stable
CU-12328,0.49064621813907744,Watching
CU-12329,0.4708843065270688,Watching
CU-12330,0.10589821999231665,Stable
CU-12331,0.24388752378044645,Stable
CU-12332,0.22294484422084873,Stable
CU-12333,0.06358928267416294,Stable
CU-12334,0.14347294385338485,Stable
CU-12335,0.7522942277454449,Urgent
CU-12336,0.33623506052953467,Watching
CU-12337,0.720984453062047,At Risk
CU-12338,0.6110316884510018,At Risk
CU-12339,0.163666372792127,Stable
CU-12340,0.08991490266977607,Stable
CU-12341,0.6228452997955174,At Risk
CU-12342,0.03847744201856831,Stable
CU-12343,0.6021590621956233,At Risk
CU-12344,0.48264222416856856,Watching
CU-12345,0.007797555056850286,Stable
CU-12346,0.4602402809648563,Watching
CU-12347,0.45562186690761325,Watching
CU-12348,0.047243358412032525,Stable
CU-12349,0.049059719644867064,Stable
CU-12350,0.09984837405507793,Stable
CU-12351,0.46322732071881473,Watching
CU-12352,0.02554529414380863,Stable
CU-12353,0.08247561192533295,Stable
CU-12354,0.19265951132751563,Stable
CU-12355,0.12262849127429863,Stable
CU-12356,0.12442936977628825,Stable
CU-12357,0.2335636665744093,Stable
CU-12358,0.23296417672970823,Stable
CU-12359,0.010881586559651421,Stable
CU-12360,0.2617263912994893,Watching
CU-12361,0.75018087123597,Urgent
CU-12362,0.09377655380842594,Stable
CU-12363,0.4616448096666187,Watching
CU-12364,0.031906802136898484,Stable
CU-12365,0.4482175593429787,Watching
CU-12366,0.0624382989775302,Stable
CU-12367,0.019097780393641087,Stable
CU-12368,0.529332691129984,At Risk
CU-12369,0.2865580543058104,Watching
CU-12370,0.31627148542140726,Watching
CU-12371,0.6242897056966842,At Risk
CU-12372,0.08094756880498451,Stable
CU-12373,0.020017409005165254,Stable
CU-12374,0.19198821494906418,Stable
CU-12375,0.50561788720072,At Risk
CU-12376,0.5658688455435014,At Risk
CU-12377,0.518319529855636,At Risk
CU-12378,0.12461061540213347,Stable
CU-12379,0.22102228523871667,Stable
CU-12380,0.19155451411034444,Stable
CU-12381,0.055164217804006474,Stable
CU-12382,0.35185001322718046,Watching
CU-12383,0.04904728971503638,Stable
CU-12384,0.08631769823511602,Stable
CU-12385,0.08473616480286753,Stable
CU-12386,0.2153760569765587,Stable
CU-12387,0.10651218248306271,Stable
CU-12388,0.08458605013484127,Stable
CU-12389,0.5829657388079336,At Risk
CU-12390,0.06973785810772917,Stable
CU-12391,0.16137836873784295,Stable
CU-12392,0.0884945822249999,Stable
CU-12393,0.45028872272586873,Watching
CU-12394,0.5807137247186733,At Risk
CU-12395,0.5227396126804674,At Risk
CU-12396,0.683435365463355,At Risk
CU-12397,0.477032155934289,Watching
CU-12398,0.19333193886573355,Stable
CU-12399,0.1988641302858758,Stable
CU-12400,0.05926416774630559,Stable
CU-12401,0.09334593065565402,Stable
CU-12402,0.44149917654188814,Watching
CU-12403,0.17121640463720084,Stable
CU-12404,0.06624749200468867,Stable
CU-12405,0.43970999502539504,Watching
CU-12406,0.5643727936339308,At Risk
CU-12407,0.759085363668244,Urgent
CU-12408,0.3548745161953461,Watching
CU-12409,0.038325906922035434,Stable
CU-12410,0.27695632376614127,Watching
CU-12411,0.5835538610254057,At Risk
CU-12412,0.5461786578977244,At Risk
CU-12413,0.14644174440661561,Stable
CU-12414,0.3569248298540635,Watching
CU-12415,0.590798950774834,At Risk
CU-12416,0.058045076173727186,Stable
CU-12417,0.07369428974936629,Stable
CU-12418,0.2002718806308967,Stable
CU-12419,0.4750004638736966,Watching
CU-12420,0.135043144896424,Stable
CU-12421,0.37542766926376364,Watching
CU-12422,0.05611580066521033,Stable
CU-12423,0.13043255489101555,Stable
CU-12424,0.16994109047672215,Stable
CU-12425,0.041607662287915625,Stable
CU-12426,0.47824328000939376,Watching
CU-12427,0.006691297801657908,Stable
CU-12428,0.04363465465283685,Stable
CU-12429,0.7048152280342289,At Risk
CU-12430,0.12880361675378782,Stable
CU-12431,0.25346059401604926,Watching
CU-12432,0.07289522713078603,Stable
CU-12433,0.07999124698155069,Stable
CU-12434,0.21235796459841252,Stable
CU-12435,0.20516744657437364,Stable
CU-12436,0.2692772913014163,Watching
CU-12437,0.5015301714253964,At Risk
CU-12438,0.015925559734463104,Stable
CU-12439,0.2566468109150139,Watching
CU-12440,0.03992374280703832,Stable
CU-12441,0.19352120798071742,Stable
CU-12442,0.5148949949149868,At Risk
CU-12443,0.6117114123716365,At Risk
CU-12444,0.22771012007013483,Stable
CU-12445,0.10318326078158954,Stable
CU-12446,0.14836251817257404,Stable
CU-12447,0.5736875057490916,At Risk
CU-12448,0.21722089914505077,Stable
CU-12449,0.0676712887535548,Stable
CU-12450,0.18966426561033864,Stable
CU-12451,0.09721702654909771,Stable
CU-12452,0.12093374828388663,Stable
CU-12453,0.34107846119298096,Watching
CU-12454,0.24960996336660915,Stable
CU-12455,0.008794812800605331,Stable
CU-12456,0.5767235245517521,At Risk
CU-12457,0.5827613667260254,At Risk
CU-12458,0.06690059203149464,Stable
CU-12459,0.03220684869122932,Stable
CU-12460,0.043083290826852465,Stable
CU-12461,0.7574415388731753,Urgent
CU-12462,0.07003491783402395,Stable
CU-12463,0.22798581588531364,Stable
CU-12464,0.3860171619311583,Watching
CU-12465,0.35070870261513964,Watching
CU-12466,0.102282288024528,Stable
CU-12467,0.21451675125950095,Stable
CU-12468,0.12637315189541456,Stable
CU-12469,0.5187738318990897,At Risk
CU-12470,0.22523560045796606,Stable
CU-12471,0.45816531061293864,Watching
CU-12472,0.3211545021070629,Watching
CU-12473,0.4693728709626359,Watching
CU-12474,0.1266482524450331,Stable
CU-12475,0.2944109230014649,Watching
CU-12476,0.17077582787205692,Stable
CU-12477,0.36071760555416177,Watching
CU-12478,0.06810580742371329,Stable
CU-12479,0.29853791984475175,Watching
CU-12480,0.10986691033506447,Stable
CU-12481,0.18054873252010842,Stable
CU-12482,0.0627226410251132,Stable
CU-12483,0.15009167398328024,Stable
CU-12484,0.10385549047591786,Stable
CU-12485,0.3367239700157796,Watching
CU-12486,0.21516282401145725,Stable
CU-12487,0.15858475801609237,Stable
CU-12488,0.4544121972921837,Watching
CU-12489,0.4230523536272882,Watching
CU-12490,0.7583024293763468,Urgent
CU-12491,0.7727429867705081,Urgent
CU-12492,0.10043563082025671,Stable
CU-12493,0.1901353804711672,Stable
CU-12494,0.0681690933220166,Stable
CU-12495,0.2064262804947391,Stable
CU-12496,0.1730045664097416,Stable
CU-12497,0.07237884775349689,Stable
CU-12498,0.5698157178362014,At Risk
CU-12499,0.08779222556236166,Stable
